"","total","spread","parent_id","curated","rank"
"ASV1",1713189,400,"ASV1","parent",1
"ASV6",128071,154,"ASV6","parent",6
"ASV3",209191,109,"ASV3","parent",3
"ASV2",246676,105,"ASV2","parent",2
"ASV4",166252,80,"ASV4","parent",4
"ASV7",122722,61,"ASV7","parent",7
"ASV13",37429,43,"ASV13","parent",13
"ASV18",30174,40,"ASV18","parent",18
"ASV9",58906,38,"ASV9","parent",9
"ASV8",61027,32,"ASV8","parent",8
"ASV21",26635,31,"ASV21","parent",21
"ASV22",25134,29,"ASV22","parent",22
"ASV218",770,26,"ASV1","merged",218
"ASV11",50334,25,"ASV11","parent",11
"ASV14",32062,24,"ASV14","parent",14
"ASV27",16892,23,"ASV27","parent",27
"ASV37",10543,23,"ASV37","parent",37
"ASV12",42043,22,"ASV12","parent",12
"ASV20",29232,22,"ASV20","parent",20
"ASV23",22824,22,"ASV23","parent",23
"ASV15",31924,21,"ASV15","parent",15
"ASV16",31581,19,"ASV16","parent",16
"ASV34",11668,19,"ASV34","parent",34
"ASV229",719,18,"ASV229","parent",229
"ASV10",54196,17,"ASV10","parent",10
"ASV43",9079,17,"ASV43","parent",43
"ASV5",157757,16,"ASV5","parent",5
"ASV26",21711,16,"ASV26","parent",26
"ASV30",14973,16,"ASV30","parent",30
"ASV28",16271,15,"ASV28","parent",28
"ASV33",13166,15,"ASV33","parent",33
"ASV41",10000,15,"ASV41","parent",41
"ASV47",8185,15,"ASV47","parent",47
"ASV36",10563,14,"ASV36","parent",36
"ASV40",10214,14,"ASV40","parent",40
"ASV149",1402,14,"ASV149","parent",149
"ASV46",8303,13,"ASV46","parent",46
"ASV32",14135,12,"ASV32","parent",32
"ASV156",1316,12,"ASV156","parent",156
"ASV29",16060,11,"ASV29","parent",29
"ASV25",21866,10,"ASV25","parent",25
"ASV31",14445,10,"ASV31","parent",31
"ASV48",8023,10,"ASV48","parent",48
"ASV45",8397,9,"ASV45","parent",45
"ASV52",7072,9,"ASV52","parent",52
"ASV53",7063,9,"ASV53","parent",53
"ASV56",6117,9,"ASV56","parent",56
"ASV61",5595,9,"ASV61","parent",61
"ASV67",4929,9,"ASV67","parent",67
"ASV68",4885,9,"ASV68","parent",68
"ASV77",3723,9,"ASV77","parent",77
"ASV35",10748,8,"ASV35","parent",35
"ASV55",6219,8,"ASV55","parent",55
"ASV57",6106,8,"ASV57","parent",57
"ASV54",6406,7,"ASV54","parent",54
"ASV70",4391,7,"ASV70","parent",70
"ASV83",3493,7,"ASV83","parent",83
"ASV408",232,7,"ASV408","parent",407
"ASV17",31215,6,"ASV17","parent",17
"ASV58",6084,6,"ASV58","parent",58
"ASV85",3219,6,"ASV85","parent",85
"ASV64",5371,5,"ASV64","parent",64
"ASV110",2065,5,"ASV110","parent",110
"ASV147",1410,5,"ASV147","parent",147
"ASV640",16,5,"ASV640","parent",640
"ASV42",9134,4,"ASV42","parent",42
"ASV50",7178,4,"ASV50","parent",50
"ASV89",2989,4,"ASV89","parent",89
"ASV92",2789,4,"ASV92","parent",92
"ASV96",2481,4,"ASV96","parent",96
"ASV138",1521,4,"ASV138","parent",138
"ASV168",1193,4,"ASV168","parent",168
"ASV199",922,4,"ASV199","parent",199
"ASV200",905,4,"ASV200","parent",200
"ASV212",838,4,"ASV212","parent",212
"ASV359",342,4,"ASV4","merged",359
"ASV635",18,4,"ASV635","parent",634
"ASV651",12,4,"ASV651","parent",650
"ASV39",10271,3,"ASV39","parent",39
"ASV49",7964,3,"ASV49","parent",49
"ASV82",3561,3,"ASV82","parent",82
"ASV90",2844,3,"ASV90","parent",90
"ASV101",2315,3,"ASV101","parent",101
"ASV106",2139,3,"ASV1","merged",106
"ASV108",2124,3,"ASV108","parent",108
"ASV143",1464,3,"ASV143","parent",143
"ASV153",1335,3,"ASV1","merged",153
"ASV208",866,3,"ASV208","parent",208
"ASV244",641,3,"ASV1","merged",244
"ASV249",628,3,"ASV249","parent",249
"ASV251",624,3,"ASV251","parent",251
"ASV254",615,3,"ASV254","parent",254
"ASV328",407,3,"ASV3","merged",327
"ASV556",76,3,"ASV556","parent",555
"ASV567",71,3,"ASV567","parent",567
"ASV24",21880,2,"ASV24","parent",24
"ASV38",10470,2,"ASV38","parent",38
"ASV44",8600,2,"ASV44","parent",44
"ASV59",6027,2,"ASV59","parent",59
"ASV62",5546,2,"ASV62","parent",62
"ASV63",5511,2,"ASV63","parent",63
"ASV69",4537,2,"ASV69","parent",69
"ASV78",3674,2,"ASV78","parent",78
"ASV79",3673,2,"ASV79","parent",79
"ASV86",3075,2,"ASV86","parent",86
"ASV97",2414,2,"ASV97","parent",97
"ASV98",2378,2,"ASV98","parent",98
"ASV99",2361,2,"ASV99","parent",99
"ASV100",2322,2,"ASV1","merged",100
"ASV102",2213,2,"ASV102","parent",102
"ASV105",2144,2,"ASV105","parent",105
"ASV109",2107,2,"ASV109","parent",109
"ASV112",2026,2,"ASV112","parent",112
"ASV121",1800,2,"ASV121","parent",121
"ASV128",1638,2,"ASV128","parent",128
"ASV133",1580,2,"ASV133","parent",133
"ASV134",1578,2,"ASV134","parent",134
"ASV145",1448,2,"ASV4","merged",145
"ASV150",1395,2,"ASV150","parent",150
"ASV151",1371,2,"ASV151","parent",151
"ASV152",1352,2,"ASV1","merged",152
"ASV154",1326,2,"ASV1","merged",154
"ASV158",1295,2,"ASV158","parent",158
"ASV164",1245,2,"ASV164","parent",164
"ASV167",1214,2,"ASV1","merged",167
"ASV173",1140,2,"ASV173","parent",173
"ASV178",1050,2,"ASV178","parent",178
"ASV179",1045,2,"ASV1","merged",179
"ASV184",1019,2,"ASV184","parent",184
"ASV187",997,2,"ASV187","parent",187
"ASV197",941,2,"ASV197","parent",197
"ASV202",897,2,"ASV1","merged",202
"ASV205",888,2,"ASV205","parent",205
"ASV222",735,2,"ASV1","merged",222
"ASV224",733,2,"ASV224","parent",224
"ASV231",709,2,"ASV231","parent",231
"ASV233",693,2,"ASV233","parent",233
"ASV237",675,2,"ASV9","merged",237
"ASV240",664,2,"ASV4","merged",240
"ASV248",629,2,"ASV248","parent",248
"ASV255",613,2,"ASV255","parent",255
"ASV259",608,2,"ASV1","merged",259
"ASV260",608,2,"ASV260","parent",260
"ASV263",606,2,"ASV263","parent",262
"ASV267",600,2,"ASV10","merged",267
"ASV269",588,2,"ASV269","parent",269
"ASV271",586,2,"ASV1","merged",271
"ASV274",577,2,"ASV274","parent",273
"ASV282",540,2,"ASV1","merged",282
"ASV284",533,2,"ASV1","merged",284
"ASV287",530,2,"ASV287","parent",287
"ASV290",520,2,"ASV290","parent",290
"ASV337",392,2,"ASV337","parent",337
"ASV339",389,2,"ASV1","merged",339
"ASV347",369,2,"ASV347","parent",347
"ASV348",364,2,"ASV2","merged",348
"ASV352",355,2,"ASV1","merged",352
"ASV353",355,2,"ASV1","merged",353
"ASV403",238,2,"ASV6","merged",403
"ASV405",236,2,"ASV405","parent",405
"ASV406",234,2,"ASV3","merged",406
"ASV407",232,2,"ASV18","merged",408
"ASV410",231,2,"ASV410","parent",410
"ASV419",217,2,"ASV1","merged",419
"ASV424",201,2,"ASV424","parent",424
"ASV447",170,2,"ASV447","parent",446
"ASV466",148,2,"ASV466","parent",466
"ASV489",126,2,"ASV489","parent",488
"ASV507",112,2,"ASV507","parent",507
"ASV576",59,2,"ASV576","parent",576
"ASV582",56,2,"ASV582","parent",581
"ASV603",39,2,"ASV603","parent",602
"ASV637",17,2,"ASV637","parent",636
"ASV664",10,2,"ASV664","parent",661
"ASV674",8,2,"ASV674","parent",674
"ASV697",6,2,"ASV697","parent",687
"ASV707",5,2,"ASV707","parent",701
"ASV718",5,2,"ASV718","parent",702
"ASV19",29818,1,"ASV19","parent",19
"ASV51",7131,1,"ASV51","parent",51
"ASV60",5768,1,"ASV60","parent",60
"ASV65",5156,1,"ASV65","parent",65
"ASV66",5052,1,"ASV66","parent",66
"ASV71",4339,1,"ASV71","parent",71
"ASV72",4213,1,"ASV1","merged",72
"ASV73",4203,1,"ASV73","parent",73
"ASV74",4008,1,"ASV74","parent",74
"ASV75",3912,1,"ASV75","parent",75
"ASV76",3805,1,"ASV76","parent",76
"ASV80",3596,1,"ASV80","parent",80
"ASV81",3594,1,"ASV59","merged",81
"ASV84",3488,1,"ASV58","merged",84
"ASV87",3066,1,"ASV87","parent",87
"ASV88",3015,1,"ASV88","parent",88
"ASV91",2801,1,"ASV59","merged",91
"ASV93",2721,1,"ASV1","merged",93
"ASV94",2585,1,"ASV94","parent",94
"ASV95",2553,1,"ASV95","parent",95
"ASV103",2205,1,"ASV103","parent",103
"ASV104",2201,1,"ASV104","parent",104
"ASV107",2129,1,"ASV107","parent",107
"ASV111",2060,1,"ASV111","parent",111
"ASV113",2002,1,"ASV113","parent",113
"ASV114",1992,1,"ASV114","parent",114
"ASV115",1951,1,"ASV13","merged",115
"ASV116",1949,1,"ASV1","merged",116
"ASV117",1908,1,"ASV117","parent",117
"ASV118",1876,1,"ASV22","merged",118
"ASV119",1846,1,"ASV119","parent",119
"ASV120",1822,1,"ASV120","parent",120
"ASV122",1792,1,"ASV122","parent",122
"ASV123",1787,1,"ASV123","parent",123
"ASV124",1730,1,"ASV124","parent",124
"ASV125",1726,1,"ASV125","parent",125
"ASV126",1713,1,"ASV126","parent",126
"ASV127",1645,1,"ASV6","merged",127
"ASV129",1634,1,"ASV8","merged",129
"ASV130",1630,1,"ASV130","parent",130
"ASV131",1623,1,"ASV131","parent",131
"ASV132",1620,1,"ASV132","parent",132
"ASV135",1565,1,"ASV6","merged",135
"ASV136",1550,1,"ASV136","parent",136
"ASV137",1545,1,"ASV137","parent",137
"ASV139",1486,1,"ASV139","parent",139
"ASV140",1479,1,"ASV1","merged",140
"ASV141",1470,1,"ASV141","parent",141
"ASV142",1465,1,"ASV142","parent",142
"ASV144",1453,1,"ASV4","merged",144
"ASV146",1436,1,"ASV146","parent",146
"ASV148",1410,1,"ASV148","parent",148
"ASV155",1321,1,"ASV155","parent",155
"ASV157",1311,1,"ASV73","merged",157
"ASV159",1281,1,"ASV159","parent",159
"ASV160",1277,1,"ASV160","parent",160
"ASV161",1270,1,"ASV161","parent",161
"ASV162",1268,1,"ASV162","parent",162
"ASV163",1261,1,"ASV163","parent",163
"ASV165",1238,1,"ASV165","parent",165
"ASV166",1227,1,"ASV166","parent",166
"ASV169",1173,1,"ASV169","parent",169
"ASV170",1150,1,"ASV8","merged",170
"ASV171",1148,1,"ASV171","parent",171
"ASV172",1146,1,"ASV161","merged",172
"ASV174",1122,1,"ASV174","parent",174
"ASV175",1107,1,"ASV175","parent",175
"ASV176",1083,1,"ASV176","parent",176
"ASV177",1080,1,"ASV177","parent",177
"ASV180",1029,1,"ASV52","merged",180
"ASV181",1029,1,"ASV181","parent",181
"ASV182",1026,1,"ASV182","parent",182
"ASV183",1021,1,"ASV183","parent",183
"ASV185",1008,1,"ASV1","merged",185
"ASV186",1004,1,"ASV186","parent",186
"ASV188",991,1,"ASV8","merged",188
"ASV189",975,1,"ASV189","parent",189
"ASV190",968,1,"ASV16","merged",190
"ASV191",955,1,"ASV1","merged",191
"ASV192",953,1,"ASV192","parent",192
"ASV193",953,1,"ASV175","merged",193
"ASV194",953,1,"ASV194","parent",194
"ASV195",949,1,"ASV195","parent",195
"ASV196",948,1,"ASV92","merged",196
"ASV198",940,1,"ASV12","merged",198
"ASV201",899,1,"ASV1","merged",201
"ASV203",893,1,"ASV203","parent",203
"ASV204",891,1,"ASV204","parent",204
"ASV206",874,1,"ASV4","merged",206
"ASV207",868,1,"ASV207","parent",207
"ASV209",863,1,"ASV8","merged",209
"ASV210",849,1,"ASV4","merged",210
"ASV211",848,1,"ASV22","merged",211
"ASV213",816,1,"ASV213","parent",213
"ASV214",811,1,"ASV214","parent",214
"ASV215",806,1,"ASV215","parent",215
"ASV216",801,1,"ASV216","parent",216
"ASV217",794,1,"ASV217","parent",217
"ASV219",768,1,"ASV219","parent",219
"ASV220",743,1,"ASV220","parent",220
"ASV221",737,1,"ASV1","merged",221
"ASV223",734,1,"ASV223","parent",223
"ASV225",732,1,"ASV225","parent",225
"ASV226",728,1,"ASV226","parent",226
"ASV227",726,1,"ASV227","parent",227
"ASV228",725,1,"ASV6","merged",228
"ASV230",711,1,"ASV230","parent",230
"ASV232",702,1,"ASV215","merged",232
"ASV234",693,1,"ASV150","merged",234
"ASV235",688,1,"ASV235","parent",235
"ASV236",681,1,"ASV236","parent",236
"ASV238",672,1,"ASV12","merged",238
"ASV239",667,1,"ASV23","merged",239
"ASV241",654,1,"ASV1","merged",241
"ASV242",652,1,"ASV242","parent",242
"ASV243",652,1,"ASV243","parent",243
"ASV245",637,1,"ASV6","merged",245
"ASV246",634,1,"ASV6","merged",246
"ASV247",630,1,"ASV247","parent",247
"ASV250",626,1,"ASV250","parent",250
"ASV252",623,1,"ASV252","parent",252
"ASV253",621,1,"ASV253","parent",253
"ASV256",613,1,"ASV256","parent",256
"ASV257",610,1,"ASV12","merged",257
"ASV258",609,1,"ASV258","parent",258
"ASV261",607,1,"ASV261","parent",261
"ASV262",606,1,"ASV262","parent",263
"ASV264",606,1,"ASV1","merged",264
"ASV265",604,1,"ASV265","parent",265
"ASV266",604,1,"ASV262","merged",266
"ASV268",594,1,"ASV12","merged",268
"ASV270",587,1,"ASV92","merged",270
"ASV272",583,1,"ASV1","merged",272
"ASV273",577,1,"ASV273","parent",274
"ASV275",572,1,"ASV275","parent",275
"ASV276",567,1,"ASV186","merged",276
"ASV277",561,1,"ASV277","parent",277
"ASV278",556,1,"ASV278","parent",278
"ASV279",554,1,"ASV1","merged",279
"ASV280",550,1,"ASV280","parent",280
"ASV281",542,1,"ASV27","merged",281
"ASV283",539,1,"ASV4","merged",283
"ASV285",531,1,"ASV6","merged",285
"ASV286",531,1,"ASV22","merged",286
"ASV288",528,1,"ASV288","parent",288
"ASV289",525,1,"ASV18","merged",289
"ASV291",518,1,"ASV10","merged",291
"ASV292",518,1,"ASV68","merged",292
"ASV293",512,1,"ASV4","merged",293
"ASV294",507,1,"ASV4","merged",294
"ASV295",500,1,"ASV1","merged",295
"ASV296",497,1,"ASV12","merged",296
"ASV297",495,1,"ASV297","parent",297
"ASV298",494,1,"ASV1","merged",298
"ASV299",485,1,"ASV6","merged",299
"ASV300",482,1,"ASV300","parent",300
"ASV301",478,1,"ASV8","merged",301
"ASV302",476,1,"ASV26","merged",302
"ASV303",474,1,"ASV303","parent",303
"ASV304",471,1,"ASV304","parent",304
"ASV305",465,1,"ASV305","parent",305
"ASV306",461,1,"ASV1","merged",306
"ASV307",460,1,"ASV1","merged",307
"ASV308",453,1,"ASV308","parent",308
"ASV309",451,1,"ASV4","merged",309
"ASV310",450,1,"ASV310","parent",310
"ASV311",449,1,"ASV311","parent",311
"ASV312",441,1,"ASV4","merged",312
"ASV313",436,1,"ASV55","merged",313
"ASV314",433,1,"ASV314","parent",314
"ASV315",430,1,"ASV315","parent",315
"ASV316",427,1,"ASV316","parent",316
"ASV317",426,1,"ASV317","parent",317
"ASV318",421,1,"ASV1","merged",318
"ASV319",420,1,"ASV4","merged",319
"ASV320",418,1,"ASV320","parent",320
"ASV321",417,1,"ASV6","merged",321
"ASV322",417,1,"ASV1","merged",322
"ASV323",414,1,"ASV323","parent",323
"ASV324",412,1,"ASV324","parent",324
"ASV325",411,1,"ASV70","merged",325
"ASV326",408,1,"ASV77","merged",326
"ASV327",407,1,"ASV327","parent",328
"ASV329",406,1,"ASV8","merged",329
"ASV330",404,1,"ASV4","merged",330
"ASV331",403,1,"ASV1","merged",331
"ASV332",402,1,"ASV4","merged",332
"ASV333",402,1,"ASV6","merged",333
"ASV334",399,1,"ASV29","merged",334
"ASV335",396,1,"ASV335","parent",335
"ASV336",395,1,"ASV92","merged",336
"ASV338",392,1,"ASV130","merged",338
"ASV340",388,1,"ASV4","merged",340
"ASV341",383,1,"ASV4","merged",341
"ASV342",380,1,"ASV6","merged",342
"ASV343",375,1,"ASV9","merged",343
"ASV344",374,1,"ASV344","parent",344
"ASV345",373,1,"ASV345","parent",345
"ASV346",370,1,"ASV22","merged",346
"ASV349",362,1,"ASV12","merged",349
"ASV350",359,1,"ASV350","parent",350
"ASV351",358,1,"ASV6","merged",351
"ASV354",353,1,"ASV1","merged",354
"ASV355",351,1,"ASV1","merged",355
"ASV356",349,1,"ASV12","merged",356
"ASV357",345,1,"ASV357","parent",357
"ASV358",344,1,"ASV1","merged",358
"ASV360",341,1,"ASV1","merged",360
"ASV361",335,1,"ASV235","merged",361
"ASV362",334,1,"ASV362","parent",362
"ASV363",333,1,"ASV363","parent",363
"ASV364",333,1,"ASV1","merged",364
"ASV365",333,1,"ASV6","merged",365
"ASV366",331,1,"ASV366","parent",366
"ASV367",320,1,"ASV1","merged",367
"ASV368",310,1,"ASV22","merged",368
"ASV369",305,1,"ASV36","merged",369
"ASV370",303,1,"ASV23","merged",370
"ASV371",298,1,"ASV371","parent",371
"ASV372",296,1,"ASV372","parent",372
"ASV373",290,1,"ASV1","merged",373
"ASV374",289,1,"ASV4","merged",374
"ASV375",286,1,"ASV4","merged",375
"ASV376",285,1,"ASV6","merged",376
"ASV377",281,1,"ASV1","merged",377
"ASV378",280,1,"ASV4","merged",378
"ASV379",280,1,"ASV18","merged",379
"ASV380",280,1,"ASV30","merged",380
"ASV381",277,1,"ASV10","merged",381
"ASV382",274,1,"ASV382","parent",382
"ASV383",273,1,"ASV6","merged",383
"ASV384",271,1,"ASV12","merged",384
"ASV385",268,1,"ASV385","parent",385
"ASV386",268,1,"ASV53","merged",386
"ASV387",267,1,"ASV4","merged",387
"ASV388",261,1,"ASV20","merged",388
"ASV389",261,1,"ASV389","parent",389
"ASV390",254,1,"ASV1","merged",390
"ASV391",254,1,"ASV49","merged",391
"ASV392",253,1,"ASV392","parent",392
"ASV393",253,1,"ASV393","parent",393
"ASV394",253,1,"ASV1","merged",394
"ASV395",252,1,"ASV62","merged",395
"ASV396",249,1,"ASV174","merged",396
"ASV397",249,1,"ASV24","merged",397
"ASV398",247,1,"ASV10","merged",398
"ASV399",241,1,"ASV4","merged",399
"ASV400",241,1,"ASV2","merged",400
"ASV401",239,1,"ASV401","parent",401
"ASV402",239,1,"ASV6","merged",402
"ASV404",237,1,"ASV26","merged",404
"ASV409",232,1,"ASV1","merged",409
"ASV411",230,1,"ASV411","parent",411
"ASV412",230,1,"ASV2","merged",412
"ASV413",229,1,"ASV4","merged",413
"ASV414",228,1,"ASV414","parent",414
"ASV415",227,1,"ASV1","merged",415
"ASV416",221,1,"ASV4","merged",416
"ASV417",219,1,"ASV417","parent",417
"ASV418",219,1,"ASV8","merged",418
"ASV420",210,1,"ASV2","merged",420
"ASV421",208,1,"ASV421","parent",421
"ASV422",202,1,"ASV150","merged",422
"ASV423",202,1,"ASV423","parent",423
"ASV425",201,1,"ASV33","merged",425
"ASV426",201,1,"ASV6","merged",426
"ASV427",200,1,"ASV427","parent",427
"ASV428",200,1,"ASV10","merged",428
"ASV429",200,1,"ASV3","merged",429
"ASV430",199,1,"ASV3","merged",430
"ASV431",198,1,"ASV9","merged",431
"ASV432",196,1,"ASV1","merged",432
"ASV433",194,1,"ASV389","merged",433
"ASV434",192,1,"ASV4","merged",434
"ASV435",191,1,"ASV435","parent",435
"ASV436",190,1,"ASV436","parent",436
"ASV437",189,1,"ASV437","parent",437
"ASV438",188,1,"ASV7","merged",438
"ASV439",184,1,"ASV2","merged",439
"ASV440",180,1,"ASV1","merged",440
"ASV441",178,1,"ASV441","parent",441
"ASV442",178,1,"ASV1","merged",442
"ASV443",177,1,"ASV35","merged",443
"ASV444",176,1,"ASV1","merged",444
"ASV445",171,1,"ASV1","merged",445
"ASV446",170,1,"ASV446","parent",447
"ASV448",170,1,"ASV26","merged",448
"ASV449",170,1,"ASV449","parent",449
"ASV450",167,1,"ASV450","parent",450
"ASV451",165,1,"ASV1","merged",451
"ASV452",165,1,"ASV6","merged",452
"ASV453",163,1,"ASV453","parent",453
"ASV454",160,1,"ASV10","merged",454
"ASV455",159,1,"ASV1","merged",455
"ASV456",159,1,"ASV59","merged",456
"ASV457",158,1,"ASV1","merged",457
"ASV458",158,1,"ASV458","parent",458
"ASV459",154,1,"ASV459","parent",459
"ASV460",154,1,"ASV15","merged",460
"ASV461",153,1,"ASV385","merged",461
"ASV462",152,1,"ASV11","merged",462
"ASV463",151,1,"ASV6","merged",463
"ASV464",150,1,"ASV18","merged",464
"ASV465",149,1,"ASV12","merged",465
"ASV467",148,1,"ASV6","merged",467
"ASV468",147,1,"ASV10","merged",468
"ASV469",147,1,"ASV1","merged",469
"ASV470",146,1,"ASV7","merged",470
"ASV471",146,1,"ASV3","merged",471
"ASV472",143,1,"ASV472","parent",472
"ASV473",142,1,"ASV6","merged",473
"ASV474",140,1,"ASV21","merged",474
"ASV475",139,1,"ASV3","merged",475
"ASV476",138,1,"ASV35","merged",476
"ASV477",138,1,"ASV36","merged",477
"ASV478",135,1,"ASV478","parent",478
"ASV479",135,1,"ASV86","merged",479
"ASV480",133,1,"ASV1","merged",480
"ASV481",133,1,"ASV13","merged",481
"ASV482",131,1,"ASV6","merged",482
"ASV483",130,1,"ASV483","parent",483
"ASV484",130,1,"ASV3","merged",484
"ASV485",130,1,"ASV485","parent",485
"ASV486",129,1,"ASV4","merged",486
"ASV487",129,1,"ASV16","merged",487
"ASV488",126,1,"ASV26","merged",489
"ASV490",126,1,"ASV31","merged",490
"ASV491",125,1,"ASV1","merged",491
"ASV492",124,1,"ASV7","merged",492
"ASV493",124,1,"ASV21","merged",493
"ASV494",123,1,"ASV7","merged",494
"ASV495",123,1,"ASV47","merged",495
"ASV496",123,1,"ASV4","merged",496
"ASV497",120,1,"ASV13","merged",497
"ASV498",120,1,"ASV1","merged",498
"ASV499",118,1,"ASV6","merged",499
"ASV500",117,1,"ASV29","merged",500
"ASV501",117,1,"ASV9","merged",501
"ASV502",116,1,"ASV1","merged",502
"ASV503",116,1,"ASV22","merged",503
"ASV504",114,1,"ASV1","merged",504
"ASV505",114,1,"ASV20","merged",505
"ASV506",113,1,"ASV22","merged",506
"ASV508",111,1,"ASV1","merged",508
"ASV509",110,1,"ASV67","merged",509
"ASV510",106,1,"ASV92","merged",510
"ASV511",106,1,"ASV31","merged",511
"ASV512",105,1,"ASV1","merged",512
"ASV513",104,1,"ASV11","merged",513
"ASV514",104,1,"ASV514","parent",514
"ASV515",102,1,"ASV1","merged",515
"ASV516",101,1,"ASV3","merged",516
"ASV517",100,1,"ASV472","merged",517
"ASV518",99,1,"ASV518","parent",518
"ASV519",99,1,"ASV6","merged",519
"ASV520",97,1,"ASV20","merged",520
"ASV521",96,1,"ASV3","merged",521
"ASV522",96,1,"ASV6","merged",522
"ASV523",96,1,"ASV1","merged",523
"ASV524",96,1,"ASV20","merged",524
"ASV525",95,1,"ASV273","merged",525
"ASV526",93,1,"ASV7","merged",526
"ASV527",93,1,"ASV61","merged",527
"ASV528",93,1,"ASV67","merged",528
"ASV529",91,1,"ASV1","merged",529
"ASV530",91,1,"ASV6","merged",530
"ASV531",91,1,"ASV2","merged",531
"ASV532",90,1,"ASV3","merged",532
"ASV533",89,1,"ASV181","merged",533
"ASV534",87,1,"ASV7","merged",534
"ASV535",87,1,"ASV15","merged",535
"ASV536",86,1,"ASV10","merged",536
"ASV537",85,1,"ASV4","merged",537
"ASV538",84,1,"ASV3","merged",538
"ASV539",84,1,"ASV3","merged",539
"ASV540",83,1,"ASV12","merged",540
"ASV541",83,1,"ASV1","merged",541
"ASV542",83,1,"ASV542","parent",542
"ASV543",83,1,"ASV1","merged",543
"ASV544",83,1,"ASV1","merged",544
"ASV545",81,1,"ASV41","merged",545
"ASV546",81,1,"ASV546","parent",546
"ASV547",81,1,"ASV1","merged",547
"ASV548",80,1,"ASV548","parent",548
"ASV549",80,1,"ASV6","merged",549
"ASV550",79,1,"ASV1","merged",550
"ASV551",78,1,"ASV4","merged",551
"ASV552",78,1,"ASV6","merged",552
"ASV553",77,1,"ASV3","merged",553
"ASV554",77,1,"ASV31","merged",554
"ASV555",76,1,"ASV1","merged",556
"ASV557",76,1,"ASV557","parent",557
"ASV558",75,1,"ASV558","parent",558
"ASV559",75,1,"ASV11","merged",559
"ASV560",75,1,"ASV6","merged",560
"ASV561",74,1,"ASV20","merged",561
"ASV562",74,1,"ASV7","merged",562
"ASV563",73,1,"ASV26","merged",563
"ASV564",73,1,"ASV564","parent",564
"ASV565",72,1,"ASV7","merged",565
"ASV566",72,1,"ASV46","merged",566
"ASV568",70,1,"ASV11","merged",568
"ASV569",69,1,"ASV569","parent",569
"ASV570",69,1,"ASV139","merged",570
"ASV571",66,1,"ASV4","merged",571
"ASV572",64,1,"ASV3","merged",572
"ASV573",63,1,"ASV573","parent",573
"ASV574",62,1,"ASV574","parent",574
"ASV575",60,1,"ASV28","merged",575
"ASV577",58,1,"ASV453","merged",577
"ASV578",58,1,"ASV1","merged",578
"ASV579",58,1,"ASV41","merged",579
"ASV580",57,1,"ASV18","merged",580
"ASV581",56,1,"ASV437","merged",582
"ASV583",55,1,"ASV583","parent",583
"ASV584",55,1,"ASV11","merged",584
"ASV585",54,1,"ASV41","merged",585
"ASV586",54,1,"ASV586","parent",586
"ASV587",53,1,"ASV23","merged",587
"ASV588",53,1,"ASV588","parent",588
"ASV589",52,1,"ASV1","merged",589
"ASV590",50,1,"ASV590","parent",590
"ASV591",50,1,"ASV316","merged",591
"ASV592",49,1,"ASV592","parent",592
"ASV593",47,1,"ASV2","merged",593
"ASV594",46,1,"ASV594","parent",594
"ASV595",46,1,"ASV6","merged",595
"ASV596",46,1,"ASV596","parent",596
"ASV597",46,1,"ASV8","merged",597
"ASV598",45,1,"ASV598","parent",598
"ASV599",42,1,"ASV3","merged",599
"ASV600",41,1,"ASV150","merged",600
"ASV601",40,1,"ASV10","merged",601
"ASV602",39,1,"ASV1","merged",603
"ASV604",38,1,"ASV604","parent",604
"ASV605",38,1,"ASV22","merged",605
"ASV606",38,1,"ASV18","merged",606
"ASV607",37,1,"ASV1","merged",607
"ASV608",36,1,"ASV608","parent",608
"ASV609",35,1,"ASV609","parent",609
"ASV610",35,1,"ASV242","merged",610
"ASV611",35,1,"ASV4","merged",611
"ASV612",34,1,"ASV612","parent",612
"ASV613",34,1,"ASV613","parent",613
"ASV614",33,1,"ASV6","merged",614
"ASV615",33,1,"ASV21","merged",615
"ASV616",32,1,"ASV616","parent",616
"ASV617",32,1,"ASV4","merged",617
"ASV618",32,1,"ASV618","parent",618
"ASV619",32,1,"ASV619","parent",619
"ASV620",31,1,"ASV3","merged",620
"ASV621",31,1,"ASV21","merged",621
"ASV622",30,1,"ASV622","parent",622
"ASV623",28,1,"ASV1","merged",623
"ASV624",27,1,"ASV624","parent",624
"ASV625",26,1,"ASV625","parent",625
"ASV626",25,1,"ASV128","merged",626
"ASV627",25,1,"ASV627","parent",627
"ASV628",24,1,"ASV20","merged",628
"ASV629",23,1,"ASV629","parent",629
"ASV630",22,1,"ASV630","parent",630
"ASV631",21,1,"ASV631","parent",631
"ASV632",20,1,"ASV632","parent",632
"ASV633",20,1,"ASV633","parent",633
"ASV634",18,1,"ASV634","parent",635
"ASV636",17,1,"ASV636","parent",637
"ASV638",17,1,"ASV638","parent",638
"ASV639",17,1,"ASV639","parent",639
"ASV641",16,1,"ASV641","parent",641
"ASV642",16,1,"ASV1","merged",642
"ASV643",15,1,"ASV6","merged",643
"ASV644",14,1,"ASV644","parent",644
"ASV645",14,1,"ASV645","parent",645
"ASV646",14,1,"ASV646","parent",646
"ASV647",14,1,"ASV647","parent",647
"ASV648",13,1,"ASV648","parent",648
"ASV649",13,1,"ASV649","parent",649
"ASV650",12,1,"ASV650","parent",651
"ASV652",12,1,"ASV652","parent",652
"ASV653",11,1,"ASV653","parent",653
"ASV654",11,1,"ASV654","parent",654
"ASV655",11,1,"ASV655","parent",655
"ASV656",11,1,"ASV656","parent",656
"ASV657",11,1,"ASV657","parent",657
"ASV658",11,1,"ASV3","merged",658
"ASV659",11,1,"ASV659","parent",659
"ASV660",11,1,"ASV660","parent",660
"ASV661",10,1,"ASV1","merged",662
"ASV662",10,1,"ASV662","parent",663
"ASV663",10,1,"ASV663","parent",664
"ASV665",10,1,"ASV665","parent",665
"ASV666",10,1,"ASV666","parent",666
"ASV667",10,1,"ASV667","parent",667
"ASV668",9,1,"ASV668","parent",668
"ASV669",9,1,"ASV11","merged",669
"ASV670",9,1,"ASV670","parent",670
"ASV671",9,1,"ASV671","parent",671
"ASV672",9,1,"ASV672","parent",672
"ASV673",9,1,"ASV673","parent",673
"ASV675",8,1,"ASV675","parent",675
"ASV676",8,1,"ASV676","parent",676
"ASV677",8,1,"ASV677","parent",677
"ASV678",7,1,"ASV678","parent",678
"ASV679",7,1,"ASV679","parent",679
"ASV680",7,1,"ASV680","parent",680
"ASV681",7,1,"ASV62","merged",681
"ASV682",7,1,"ASV682","parent",682
"ASV683",7,1,"ASV683","parent",683
"ASV684",7,1,"ASV684","parent",684
"ASV685",7,1,"ASV685","parent",685
"ASV686",7,1,"ASV686","parent",686
"ASV687",6,1,"ASV687","parent",688
"ASV688",6,1,"ASV6","merged",689
"ASV689",6,1,"ASV689","parent",690
"ASV690",6,1,"ASV690","parent",691
"ASV691",6,1,"ASV691","parent",692
"ASV692",6,1,"ASV692","parent",693
"ASV693",6,1,"ASV693","parent",694
"ASV694",6,1,"ASV694","parent",695
"ASV695",6,1,"ASV695","parent",696
"ASV696",6,1,"ASV696","parent",697
"ASV698",6,1,"ASV698","parent",698
"ASV699",6,1,"ASV699","parent",699
"ASV700",6,1,"ASV700","parent",700
"ASV701",5,1,"ASV4","merged",703
"ASV702",5,1,"ASV702","parent",704
"ASV703",5,1,"ASV703","parent",705
"ASV704",5,1,"ASV704","parent",706
"ASV705",5,1,"ASV705","parent",707
"ASV706",5,1,"ASV706","parent",708
"ASV708",5,1,"ASV708","parent",709
"ASV709",5,1,"ASV709","parent",710
"ASV710",5,1,"ASV710","parent",711
"ASV711",5,1,"ASV711","parent",712
"ASV712",5,1,"ASV712","parent",713
"ASV713",5,1,"ASV713","parent",714
"ASV714",5,1,"ASV714","parent",715
"ASV715",5,1,"ASV715","parent",716
"ASV716",5,1,"ASV716","parent",717
"ASV717",5,1,"ASV48","merged",718
"ASV719",5,1,"ASV719","parent",719
"ASV720",5,1,"ASV720","parent",720
"ASV721",5,1,"ASV721","parent",721
"ASV722",5,1,"ASV722","parent",722
"ASV723",5,1,"ASV723","parent",723
"ASV724",5,1,"ASV724","parent",724
"ASV725",5,1,"ASV3","merged",725
"ASV726",5,1,"ASV726","parent",726
"ASV727",5,1,"ASV727","parent",727
"ASV728",5,1,"ASV728","parent",728
"ASV729",5,1,"ASV729","parent",729
"ASV730",5,1,"ASV730","parent",730
"ASV731",5,1,"ASV731","parent",731
"ASV732",5,1,"ASV732","parent",732
"ASV733",4,1,"ASV733","parent",733
"ASV734",4,1,"ASV734","parent",734
"ASV735",4,1,"ASV1","merged",735
"ASV736",4,1,"ASV736","parent",736
"ASV737",4,1,"ASV737","parent",737
"ASV738",4,1,"ASV738","parent",738
"ASV739",4,1,"ASV739","parent",739
"ASV740",4,1,"ASV740","parent",740
"ASV741",4,1,"ASV741","parent",741
"ASV742",4,1,"ASV742","parent",742
"ASV743",4,1,"ASV743","parent",743
"ASV744",4,1,"ASV744","parent",744
"ASV745",4,1,"ASV745","parent",745
"ASV746",4,1,"ASV23","merged",746
"ASV747",4,1,"ASV747","parent",747
"ASV748",4,1,"ASV748","parent",748
"ASV749",4,1,"ASV749","parent",749
"ASV750",4,1,"ASV750","parent",750
"ASV751",4,1,"ASV751","parent",751
"ASV752",4,1,"ASV752","parent",752
"ASV753",4,1,"ASV753","parent",753
"ASV754",4,1,"ASV754","parent",754
"ASV755",4,1,"ASV755","parent",755
"ASV756",4,1,"ASV756","parent",756
"ASV757",4,1,"ASV757","parent",757
"ASV758",4,1,"ASV758","parent",758
"ASV759",4,1,"ASV759","parent",759
"ASV760",4,1,"ASV760","parent",760
"ASV761",4,1,"ASV761","parent",761
"ASV762",4,1,"ASV762","parent",762
"ASV763",4,1,"ASV2","merged",763
"ASV764",4,1,"ASV764","parent",764
"ASV765",4,1,"ASV765","parent",765
"ASV766",4,1,"ASV766","parent",766
"ASV767",4,1,"ASV767","parent",767
"ASV768",4,1,"ASV768","parent",768
"ASV769",4,1,"ASV769","parent",769
"ASV770",4,1,"ASV770","parent",770
"ASV771",4,1,"ASV771","parent",771
"ASV772",4,1,"ASV772","parent",772
"ASV773",4,1,"ASV773","parent",773
"ASV774",3,1,"ASV774","parent",774
"ASV775",3,1,"ASV775","parent",775
"ASV776",3,1,"ASV776","parent",776
"ASV777",3,1,"ASV777","parent",777
"ASV778",3,1,"ASV778","parent",778
"ASV779",3,1,"ASV779","parent",779
"ASV780",3,1,"ASV780","parent",780
"ASV781",3,1,"ASV781","parent",781
"ASV782",3,1,"ASV782","parent",782
"ASV783",3,1,"ASV783","parent",783
"ASV784",3,1,"ASV784","parent",784
"ASV785",3,1,"ASV785","parent",785
"ASV786",3,1,"ASV786","parent",786
"ASV787",3,1,"ASV787","parent",787
"ASV788",3,1,"ASV788","parent",788
"ASV789",3,1,"ASV789","parent",789
"ASV790",3,1,"ASV790","parent",790
"ASV791",3,1,"ASV791","parent",791
"ASV792",3,1,"ASV792","parent",792
"ASV793",3,1,"ASV793","parent",793
"ASV794",3,1,"ASV794","parent",794
"ASV795",3,1,"ASV1","merged",795
"ASV796",3,1,"ASV796","parent",796
"ASV797",3,1,"ASV797","parent",797
"ASV798",3,1,"ASV798","parent",798
"ASV799",3,1,"ASV799","parent",799
"ASV800",3,1,"ASV800","parent",800
"ASV801",3,1,"ASV801","parent",801
"ASV802",3,1,"ASV802","parent",802
"ASV803",3,1,"ASV803","parent",803
"ASV804",3,1,"ASV804","parent",804
"ASV805",3,1,"ASV805","parent",805
"ASV806",3,1,"ASV806","parent",806
"ASV807",3,1,"ASV807","parent",807
"ASV808",3,1,"ASV808","parent",808
"ASV809",3,1,"ASV809","parent",809
"ASV810",3,1,"ASV810","parent",810
"ASV811",3,1,"ASV811","parent",811
"ASV812",3,1,"ASV812","parent",812
"ASV813",3,1,"ASV813","parent",813
"ASV814",3,1,"ASV814","parent",814
"ASV815",3,1,"ASV815","parent",815
"ASV816",3,1,"ASV816","parent",816
"ASV817",3,1,"ASV817","parent",817
"ASV818",3,1,"ASV818","parent",818
"ASV819",3,1,"ASV819","parent",819
"ASV820",3,1,"ASV2","merged",820
"ASV821",3,1,"ASV821","parent",821
"ASV822",3,1,"ASV822","parent",822
"ASV823",3,1,"ASV823","parent",823
"ASV824",3,1,"ASV824","parent",824
"ASV825",3,1,"ASV825","parent",825
"ASV826",3,1,"ASV826","parent",826
"ASV827",3,1,"ASV827","parent",827
"ASV828",3,1,"ASV828","parent",828
"ASV829",3,1,"ASV45","merged",829
"ASV830",3,1,"ASV830","parent",830
"ASV831",3,1,"ASV831","parent",831
"ASV832",3,1,"ASV832","parent",832
"ASV833",3,1,"ASV833","parent",833
"ASV834",2,1,"ASV834","parent",834
"ASV835",2,1,"ASV835","parent",835
"ASV836",2,1,"ASV41","merged",836
"ASV837",2,1,"ASV837","parent",837
"ASV838",2,1,"ASV838","parent",838
"ASV839",2,1,"ASV839","parent",839
"ASV840",2,1,"ASV840","parent",840
"ASV841",2,1,"ASV841","parent",841
"ASV842",2,1,"ASV842","parent",842
"ASV843",2,1,"ASV843","parent",843
"ASV844",2,1,"ASV844","parent",844
"ASV845",2,1,"ASV845","parent",845
"ASV846",2,1,"ASV846","parent",846
"ASV847",2,1,"ASV847","parent",847
"ASV848",2,1,"ASV848","parent",848
"ASV849",2,1,"ASV849","parent",849
"ASV850",2,1,"ASV850","parent",850
"ASV851",2,1,"ASV851","parent",851
"ASV852",2,1,"ASV852","parent",852
"ASV853",2,1,"ASV853","parent",853
"ASV854",2,1,"ASV854","parent",854
"ASV855",2,1,"ASV855","parent",855
"ASV856",2,1,"ASV856","parent",856
"ASV857",2,1,"ASV857","parent",857
"ASV858",2,1,"ASV858","parent",858
"ASV859",2,1,"ASV859","parent",859
"ASV860",2,1,"ASV860","parent",860
"ASV861",2,1,"ASV23","merged",861
"ASV862",2,1,"ASV862","parent",862
"ASV863",2,1,"ASV863","parent",863
"ASV864",2,1,"ASV864","parent",864
"ASV865",2,1,"ASV865","parent",865
"ASV866",2,1,"ASV866","parent",866
"ASV867",2,1,"ASV867","parent",867
"ASV868",2,1,"ASV868","parent",868
"ASV869",2,1,"ASV869","parent",869
"ASV870",2,1,"ASV870","parent",870
"ASV871",2,1,"ASV871","parent",871
"ASV872",2,1,"ASV872","parent",872
"ASV873",2,1,"ASV873","parent",873
"ASV874",2,1,"ASV874","parent",874
"ASV875",2,1,"ASV875","parent",875
"ASV876",2,1,"ASV876","parent",876
"ASV877",2,1,"ASV877","parent",877
"ASV878",2,1,"ASV878","parent",878
"ASV879",2,1,"ASV879","parent",879
"ASV880",1,1,"ASV92","merged",880
