"qseqid","taxon","taxonomic_level","species","genus","family","order","class","phylum","kingdom"
"ASV124","Uria","genus",NA,"Uria","Alcidae","Charadriiformes","Aves","Chordata","Eukaryota"
"ASV527","Bos","genus",NA,"Bos","Bovidae","Artiodactyla","Mammalia","Chordata","Eukaryota"
"ASV573","Bos","genus",NA,"Bos","Bovidae","Artiodactyla","Mammalia","Chordata","Eukaryota"
"ASV61","Bos","genus",NA,"Bos","Bovidae","Artiodactyla","Mammalia","Chordata","Eukaryota"
"ASV110","Homo sapiens","species","Homo sapiens","Homo","Hominidae","Primates","Mammalia","Chordata","Eukaryota"
"ASV115","Odobenus rosmarus","species","Odobenus rosmarus","Odobenus","Odobenidae","Carnivora","Mammalia","Chordata","Eukaryota"
"ASV13","Odobenus rosmarus","species","Odobenus rosmarus","Odobenus","Odobenidae","Carnivora","Mammalia","Chordata","Eukaryota"
"ASV138","Balaena mysticetus","species","Balaena mysticetus","Balaena","Balaenidae","Artiodactyla","Mammalia","Chordata","Eukaryota"
"ASV147","Delphinapterus leucas","species","Delphinapterus leucas","Delphinapterus","Monodontidae","Artiodactyla","Mammalia","Chordata","Eukaryota"
"ASV152","Homo sapiens","species","Homo sapiens","Homo","Hominidae","Primates","Mammalia","Chordata","Eukaryota"
"ASV154","Homo sapiens","species","Homo sapiens","Homo","Hominidae","Primates","Mammalia","Chordata","Eukaryota"
"ASV156","Homo sapiens","species","Homo sapiens","Homo","Hominidae","Primates","Mammalia","Chordata","Eukaryota"
"ASV158","Canis lupus","species","Canis lupus","Canis","Canidae","Carnivora","Mammalia","Chordata","Eukaryota"
"ASV168","Phocoenoides dalli","species","Phocoenoides dalli","Phocoenoides","Phocoenidae","Artiodactyla","Mammalia","Chordata","Eukaryota"
"ASV17","Homo sapiens","species","Homo sapiens","Homo","Hominidae","Primates","Mammalia","Chordata","Eukaryota"
"ASV173","Erignathus barbatus","species","Erignathus barbatus","Erignathus","Phocidae","Carnivora","Mammalia","Chordata","Eukaryota"
"ASV176","Pusa hispida","species","Pusa hispida","Pusa","Phocidae","Carnivora","Mammalia","Chordata","Eukaryota"
"ASV179","Homo sapiens","species","Homo sapiens","Homo","Hominidae","Primates","Mammalia","Chordata","Eukaryota"
"ASV187","Homo sapiens","species","Homo sapiens","Homo","Hominidae","Primates","Mammalia","Chordata","Eukaryota"
"ASV19","Homo sapiens","species","Homo sapiens","Homo","Hominidae","Primates","Mammalia","Chordata","Eukaryota"
"ASV201","Homo sapiens","species","Homo sapiens","Homo","Hominidae","Primates","Mammalia","Chordata","Eukaryota"
"ASV208","Homo sapiens","species","Homo sapiens","Homo","Hominidae","Primates","Mammalia","Chordata","Eukaryota"
"ASV21","Phocoena phocoena","species","Phocoena phocoena","Phocoena","Phocoenidae","Artiodactyla","Mammalia","Chordata","Eukaryota"
"ASV222","Homo sapiens","species","Homo sapiens","Homo","Hominidae","Primates","Mammalia","Chordata","Eukaryota"
"ASV229","Asterias amurensis","species","Asterias amurensis","Asterias","Asteriidae","Forcipulatida","Asteroidea","Echinodermata","Eukaryota"
"ASV23","Erignathus barbatus","species","Erignathus barbatus","Erignathus","Phocidae","Carnivora","Mammalia","Chordata","Eukaryota"
"ASV239","Erignathus barbatus","species","Erignathus barbatus","Erignathus","Phocidae","Carnivora","Mammalia","Chordata","Eukaryota"
"ASV244","Homo sapiens","species","Homo sapiens","Homo","Hominidae","Primates","Mammalia","Chordata","Eukaryota"
"ASV251","Lamna ditropis","species","Lamna ditropis","Lamna","Alopiidae","Lamniformes","Chondrichthyes","Chordata","Eukaryota"
"ASV254","Balaenoptera physalus","species","Balaenoptera physalus","Balaenoptera","Balaenopteridae","Artiodactyla","Mammalia","Chordata","Eukaryota"
"ASV258","Canis lupus","species","Canis lupus","Canis","Canidae","Carnivora","Mammalia","Chordata","Eukaryota"
"ASV261","Homo sapiens","species","Homo sapiens","Homo","Hominidae","Primates","Mammalia","Chordata","Eukaryota"
"ASV264","Homo sapiens","species","Homo sapiens","Homo","Hominidae","Primates","Mammalia","Chordata","Eukaryota"
"ASV28","Erignathus barbatus","species","Erignathus barbatus","Erignathus","Phocidae","Carnivora","Mammalia","Chordata","Eukaryota"
"ASV282","Homo sapiens","species","Homo sapiens","Homo","Hominidae","Primates","Mammalia","Chordata","Eukaryota"
"ASV292","Homo sapiens","species","Homo sapiens","Homo","Hominidae","Primates","Mammalia","Chordata","Eukaryota"
"ASV295","Homo sapiens","species","Homo sapiens","Homo","Hominidae","Primates","Mammalia","Chordata","Eukaryota"
"ASV306","Homo sapiens","species","Homo sapiens","Homo","Hominidae","Primates","Mammalia","Chordata","Eukaryota"
"ASV32","Homo sapiens","species","Homo sapiens","Homo","Hominidae","Primates","Mammalia","Chordata","Eukaryota"
"ASV322","Homo sapiens","species","Homo sapiens","Homo","Hominidae","Primates","Mammalia","Chordata","Eukaryota"
"ASV35","Phocoena phocoena","species","Phocoena phocoena","Phocoena","Phocoenidae","Artiodactyla","Mammalia","Chordata","Eukaryota"
"ASV352","Homo sapiens","species","Homo sapiens","Homo","Hominidae","Primates","Mammalia","Chordata","Eukaryota"
"ASV354","Homo sapiens","species","Homo sapiens","Homo","Hominidae","Primates","Mammalia","Chordata","Eukaryota"
"ASV367","Homo sapiens","species","Homo sapiens","Homo","Hominidae","Primates","Mammalia","Chordata","Eukaryota"
"ASV370","Erignathus barbatus","species","Erignathus barbatus","Erignathus","Phocidae","Carnivora","Mammalia","Chordata","Eukaryota"
"ASV373","Homo sapiens","species","Homo sapiens","Homo","Hominidae","Primates","Mammalia","Chordata","Eukaryota"
"ASV377","Homo sapiens","species","Homo sapiens","Homo","Hominidae","Primates","Mammalia","Chordata","Eukaryota"
"ASV401","Megaptera novaeangliae","species","Megaptera novaeangliae","Megaptera","Balaenopteridae","Artiodactyla","Mammalia","Chordata","Eukaryota"
"ASV415","Homo sapiens","species","Homo sapiens","Homo","Hominidae","Primates","Mammalia","Chordata","Eukaryota"
"ASV417","Callorhinus ursinus","species","Callorhinus ursinus","Callorhinus","Otariidae","Carnivora","Mammalia","Chordata","Eukaryota"
"ASV419","Homo sapiens","species","Homo sapiens","Homo","Hominidae","Primates","Mammalia","Chordata","Eukaryota"
"ASV42","Homo sapiens","species","Homo sapiens","Homo","Hominidae","Primates","Mammalia","Chordata","Eukaryota"
"ASV427","Aethia cristatella","species","Aethia cristatella","Aethia","Alcidae","Charadriiformes","Aves","Chordata","Eukaryota"
"ASV440","Homo sapiens","species","Homo sapiens","Homo","Hominidae","Primates","Mammalia","Chordata","Eukaryota"
"ASV442","Homo sapiens","species","Homo sapiens","Homo","Hominidae","Primates","Mammalia","Chordata","Eukaryota"
"ASV443","Phocoena phocoena","species","Phocoena phocoena","Phocoena","Phocoenidae","Artiodactyla","Mammalia","Chordata","Eukaryota"
"ASV445","Homo sapiens","species","Homo sapiens","Homo","Hominidae","Primates","Mammalia","Chordata","Eukaryota"
"ASV45","Orcinus orca","species","Orcinus orca","Orcinus","Delphinidae","Artiodactyla","Mammalia","Chordata","Eukaryota"
"ASV46","Homo sapiens","species","Homo sapiens","Homo","Hominidae","Primates","Mammalia","Chordata","Eukaryota"
"ASV47","Pusa hispida","species","Pusa hispida","Pusa","Phocidae","Carnivora","Mammalia","Chordata","Eukaryota"
"ASV474","Phocoena phocoena","species","Phocoena phocoena","Phocoena","Phocoenidae","Artiodactyla","Mammalia","Chordata","Eukaryota"
"ASV476","Phocoena phocoena","species","Phocoena phocoena","Phocoena","Phocoenidae","Artiodactyla","Mammalia","Chordata","Eukaryota"
"ASV479","Megaptera novaeangliae","species","Megaptera novaeangliae","Megaptera","Balaenopteridae","Artiodactyla","Mammalia","Chordata","Eukaryota"
"ASV48","Aethia cristatella","species","Aethia cristatella","Aethia","Alcidae","Charadriiformes","Aves","Chordata","Eukaryota"
"ASV481","Odobenus rosmarus","species","Odobenus rosmarus","Odobenus","Odobenidae","Carnivora","Mammalia","Chordata","Eukaryota"
"ASV491","Homo sapiens","species","Homo sapiens","Homo","Hominidae","Primates","Mammalia","Chordata","Eukaryota"
"ASV493","Phocoena phocoena","species","Phocoena phocoena","Phocoena","Phocoenidae","Artiodactyla","Mammalia","Chordata","Eukaryota"
"ASV495","Pusa hispida","species","Pusa hispida","Pusa","Phocidae","Carnivora","Mammalia","Chordata","Eukaryota"
"ASV497","Odobenus rosmarus","species","Odobenus rosmarus","Odobenus","Odobenidae","Carnivora","Mammalia","Chordata","Eukaryota"
"ASV498","Homo sapiens","species","Homo sapiens","Homo","Hominidae","Primates","Mammalia","Chordata","Eukaryota"
"ASV502","Homo sapiens","species","Homo sapiens","Homo","Hominidae","Primates","Mammalia","Chordata","Eukaryota"
"ASV507","Sus scrofa","species","Sus scrofa","Sus","Suidae","Artiodactyla","Mammalia","Chordata","Eukaryota"
"ASV512","Homo sapiens","species","Homo sapiens","Homo","Hominidae","Primates","Mammalia","Chordata","Eukaryota"
"ASV54","Homo sapiens","species","Homo sapiens","Homo","Hominidae","Primates","Mammalia","Chordata","Eukaryota"
"ASV541","Homo sapiens","species","Homo sapiens","Homo","Hominidae","Primates","Mammalia","Chordata","Eukaryota"
"ASV550","Homo sapiens","species","Homo sapiens","Homo","Hominidae","Primates","Mammalia","Chordata","Eukaryota"
"ASV56","Pusa hispida","species","Pusa hispida","Pusa","Phocidae","Carnivora","Mammalia","Chordata","Eukaryota"
"ASV566","Homo sapiens","species","Homo sapiens","Homo","Hominidae","Primates","Mammalia","Chordata","Eukaryota"
"ASV575","Erignathus barbatus","species","Erignathus barbatus","Erignathus","Phocidae","Carnivora","Mammalia","Chordata","Eukaryota"
"ASV582","Homo sapiens","species","Homo sapiens","Homo","Hominidae","Primates","Mammalia","Chordata","Eukaryota"
"ASV587","Erignathus barbatus","species","Erignathus barbatus","Erignathus","Phocidae","Carnivora","Mammalia","Chordata","Eukaryota"
"ASV590","Ardenna tenuirostris","species","Ardenna tenuirostris","Ardenna","Procellariidae","Procellariiformes","Aves","Chordata","Eukaryota"
"ASV594","Homo sapiens","species","Homo sapiens","Homo","Hominidae","Primates","Mammalia","Chordata","Eukaryota"
"ASV615","Phocoena phocoena","species","Phocoena phocoena","Phocoena","Phocoenidae","Artiodactyla","Mammalia","Chordata","Eukaryota"
"ASV619","Odobenus rosmarus","species","Odobenus rosmarus","Odobenus","Odobenidae","Carnivora","Mammalia","Chordata","Eukaryota"
"ASV621","Phocoena phocoena","species","Phocoena phocoena","Phocoena","Phocoenidae","Artiodactyla","Mammalia","Chordata","Eukaryota"
"ASV622","Sus scrofa","species","Sus scrofa","Sus","Suidae","Artiodactyla","Mammalia","Chordata","Eukaryota"
"ASV623","Homo sapiens","species","Homo sapiens","Homo","Hominidae","Primates","Mammalia","Chordata","Eukaryota"
"ASV627","Lamna ditropis","species","Lamna ditropis","Lamna","Alopiidae","Lamniformes","Chondrichthyes","Chordata","Eukaryota"
"ASV635","Odobenus rosmarus","species","Odobenus rosmarus","Odobenus","Odobenidae","Carnivora","Mammalia","Chordata","Eukaryota"
"ASV64","Sus scrofa","species","Sus scrofa","Sus","Suidae","Artiodactyla","Mammalia","Chordata","Eukaryota"
"ASV673","Odobenus rosmarus","species","Odobenus rosmarus","Odobenus","Odobenidae","Carnivora","Mammalia","Chordata","Eukaryota"
"ASV68","Homo sapiens","species","Homo sapiens","Homo","Hominidae","Primates","Mammalia","Chordata","Eukaryota"
"ASV684","Homo sapiens","species","Homo sapiens","Homo","Hominidae","Primates","Mammalia","Chordata","Eukaryota"
"ASV72","Homo sapiens","species","Homo sapiens","Homo","Hominidae","Primates","Mammalia","Chordata","Eukaryota"
"ASV723","Odobenus rosmarus","species","Odobenus rosmarus","Odobenus","Odobenidae","Carnivora","Mammalia","Chordata","Eukaryota"
"ASV756","Homo sapiens","species","Homo sapiens","Homo","Hominidae","Primates","Mammalia","Chordata","Eukaryota"
"ASV766","Asterias amurensis","species","Asterias amurensis","Asterias","Asteriidae","Forcipulatida","Asteroidea","Echinodermata","Eukaryota"
"ASV771","Odobenus rosmarus","species","Odobenus rosmarus","Odobenus","Odobenidae","Carnivora","Mammalia","Chordata","Eukaryota"
"ASV782","Canis lupus","species","Canis lupus","Canis","Canidae","Carnivora","Mammalia","Chordata","Eukaryota"
"ASV794","Asterias amurensis","species","Asterias amurensis","Asterias","Asteriidae","Forcipulatida","Asteroidea","Echinodermata","Eukaryota"
"ASV809","Orcinus orca","species","Orcinus orca","Orcinus","Delphinidae","Artiodactyla","Mammalia","Chordata","Eukaryota"
"ASV813","Balaenoptera physalus","species","Balaenoptera physalus","Balaenoptera","Balaenopteridae","Artiodactyla","Mammalia","Chordata","Eukaryota"
"ASV823","Asterias amurensis","species","Asterias amurensis","Asterias","Asteriidae","Forcipulatida","Asteroidea","Echinodermata","Eukaryota"
"ASV828","Asterias amurensis","species","Asterias amurensis","Asterias","Asteriidae","Forcipulatida","Asteroidea","Echinodermata","Eukaryota"
"ASV830","Erignathus barbatus","species","Erignathus barbatus","Erignathus","Phocidae","Carnivora","Mammalia","Chordata","Eukaryota"
"ASV834","Erignathus barbatus","species","Erignathus barbatus","Erignathus","Phocidae","Carnivora","Mammalia","Chordata","Eukaryota"
"ASV854","Odobenus rosmarus","species","Odobenus rosmarus","Odobenus","Odobenidae","Carnivora","Mammalia","Chordata","Eukaryota"
"ASV86","Megaptera novaeangliae","species","Megaptera novaeangliae","Megaptera","Balaenopteridae","Artiodactyla","Mammalia","Chordata","Eukaryota"
"ASV871","Homo sapiens","species","Homo sapiens","Homo","Hominidae","Primates","Mammalia","Chordata","Eukaryota"
"ASV875","Odobenus rosmarus","species","Odobenus rosmarus","Odobenus","Odobenidae","Carnivora","Mammalia","Chordata","Eukaryota"
"ASV88","Callorhinus ursinus","species","Callorhinus ursinus","Callorhinus","Otariidae","Carnivora","Mammalia","Chordata","Eukaryota"
"ASV89","Balaenoptera acutorostrata","species","Balaenoptera acutorostrata","Balaenoptera","Balaenopteridae","Artiodactyla","Mammalia","Chordata","Eukaryota"
"ASV97","Sus scrofa","species","Sus scrofa","Sus","Suidae","Artiodactyla","Mammalia","Chordata","Eukaryota"
"ASV1","Homo sapiens","species","Homo sapiens","Homo","Hominidae","Primates","Mammalia","Chordata","Eukaryota"
"ASV9","Canis lupus","species","Canis lupus","Canis","Canidae","Carnivora","Mammalia","Chordata","Eukaryota"
"ASV14","Homo sapiens","species","Homo sapiens","Homo","Hominidae","Primates","Mammalia","Chordata","Eukaryota"
"ASV27","Eschrichtius robustus","species","Eschrichtius robustus","Eschrichtius","Eschrichtiidae","Artiodactyla","Mammalia","Chordata","Eukaryota"
"ASV43","Homo sapiens","species","Homo sapiens","Homo","Hominidae","Primates","Mammalia","Chordata","Eukaryota"
"ASV65","Homo sapiens","species","Homo sapiens","Homo","Hominidae","Primates","Mammalia","Chordata","Eukaryota"
"ASV90","Homo sapiens","species","Homo sapiens","Homo","Hominidae","Primates","Mammalia","Chordata","Eukaryota"
"ASV93","Homo sapiens","species","Homo sapiens","Homo","Hominidae","Primates","Mammalia","Chordata","Eukaryota"
"ASV99","Homo sapiens","species","Homo sapiens","Homo","Hominidae","Primates","Mammalia","Chordata","Eukaryota"
"ASV100","Homo sapiens","species","Homo sapiens","Homo","Hominidae","Primates","Mammalia","Chordata","Eukaryota"
"ASV106","Homo sapiens","species","Homo sapiens","Homo","Hominidae","Primates","Mammalia","Chordata","Eukaryota"
"ASV116","Homo sapiens","species","Homo sapiens","Homo","Hominidae","Primates","Mammalia","Chordata","Eukaryota"
"ASV140","Homo sapiens","species","Homo sapiens","Homo","Hominidae","Primates","Mammalia","Chordata","Eukaryota"
"ASV149","Homo sapiens","species","Homo sapiens","Homo","Hominidae","Primates","Mammalia","Chordata","Eukaryota"
"ASV153","Homo sapiens","species","Homo sapiens","Homo","Hominidae","Primates","Mammalia","Chordata","Eukaryota"
"ASV167","Homo sapiens","species","Homo sapiens","Homo","Hominidae","Primates","Mammalia","Chordata","Eukaryota"
"ASV185","Homo sapiens","species","Homo sapiens","Homo","Hominidae","Primates","Mammalia","Chordata","Eukaryota"
"ASV191","Homo sapiens","species","Homo sapiens","Homo","Hominidae","Primates","Mammalia","Chordata","Eukaryota"
"ASV195","Canis lupus","species","Canis lupus","Canis","Canidae","Carnivora","Mammalia","Chordata","Eukaryota"
"ASV202","Homo sapiens","species","Homo sapiens","Homo","Hominidae","Primates","Mammalia","Chordata","Eukaryota"
"ASV212","Homo sapiens","species","Homo sapiens","Homo","Hominidae","Primates","Mammalia","Chordata","Eukaryota"
"ASV218","Homo sapiens","species","Homo sapiens","Homo","Hominidae","Primates","Mammalia","Chordata","Eukaryota"
"ASV221","Homo sapiens","species","Homo sapiens","Homo","Hominidae","Primates","Mammalia","Chordata","Eukaryota"
"ASV237","Canis lupus","species","Canis lupus","Canis","Canidae","Carnivora","Mammalia","Chordata","Eukaryota"
"ASV241","Homo sapiens","species","Homo sapiens","Homo","Hominidae","Primates","Mammalia","Chordata","Eukaryota"
"ASV259","Homo sapiens","species","Homo sapiens","Homo","Hominidae","Primates","Mammalia","Chordata","Eukaryota"
"ASV271","Homo sapiens","species","Homo sapiens","Homo","Hominidae","Primates","Mammalia","Chordata","Eukaryota"
"ASV272","Homo sapiens","species","Homo sapiens","Homo","Hominidae","Primates","Mammalia","Chordata","Eukaryota"
"ASV274","Homo sapiens","species","Homo sapiens","Homo","Hominidae","Primates","Mammalia","Chordata","Eukaryota"
"ASV279","Homo sapiens","species","Homo sapiens","Homo","Hominidae","Primates","Mammalia","Chordata","Eukaryota"
"ASV281","Eschrichtius robustus","species","Eschrichtius robustus","Eschrichtius","Eschrichtiidae","Artiodactyla","Mammalia","Chordata","Eukaryota"
"ASV284","Homo sapiens","species","Homo sapiens","Homo","Hominidae","Primates","Mammalia","Chordata","Eukaryota"
"ASV298","Homo sapiens","species","Homo sapiens","Homo","Hominidae","Primates","Mammalia","Chordata","Eukaryota"
"ASV307","Homo sapiens","species","Homo sapiens","Homo","Hominidae","Primates","Mammalia","Chordata","Eukaryota"
"ASV315","Homo sapiens","species","Homo sapiens","Homo","Hominidae","Primates","Mammalia","Chordata","Eukaryota"
"ASV318","Homo sapiens","species","Homo sapiens","Homo","Hominidae","Primates","Mammalia","Chordata","Eukaryota"
"ASV331","Homo sapiens","species","Homo sapiens","Homo","Hominidae","Primates","Mammalia","Chordata","Eukaryota"
"ASV339","Homo sapiens","species","Homo sapiens","Homo","Hominidae","Primates","Mammalia","Chordata","Eukaryota"
"ASV343","Canis lupus","species","Canis lupus","Canis","Canidae","Carnivora","Mammalia","Chordata","Eukaryota"
"ASV353","Homo sapiens","species","Homo sapiens","Homo","Hominidae","Primates","Mammalia","Chordata","Eukaryota"
"ASV355","Homo sapiens","species","Homo sapiens","Homo","Hominidae","Primates","Mammalia","Chordata","Eukaryota"
"ASV358","Homo sapiens","species","Homo sapiens","Homo","Hominidae","Primates","Mammalia","Chordata","Eukaryota"
"ASV360","Homo sapiens","species","Homo sapiens","Homo","Hominidae","Primates","Mammalia","Chordata","Eukaryota"
"ASV363","Aethia psittacula","species","Aethia psittacula","Aethia","Alcidae","Charadriiformes","Aves","Chordata","Eukaryota"
"ASV364","Homo sapiens","species","Homo sapiens","Homo","Hominidae","Primates","Mammalia","Chordata","Eukaryota"
"ASV390","Homo sapiens","species","Homo sapiens","Homo","Hominidae","Primates","Mammalia","Chordata","Eukaryota"
"ASV394","Homo sapiens","species","Homo sapiens","Homo","Hominidae","Primates","Mammalia","Chordata","Eukaryota"
"ASV409","Homo sapiens","species","Homo sapiens","Homo","Hominidae","Primates","Mammalia","Chordata","Eukaryota"
"ASV410","Homo sapiens","species","Homo sapiens","Homo","Hominidae","Primates","Mammalia","Chordata","Eukaryota"
"ASV424","Homo sapiens","species","Homo sapiens","Homo","Hominidae","Primates","Mammalia","Chordata","Eukaryota"
"ASV431","Canis lupus","species","Canis lupus","Canis","Canidae","Carnivora","Mammalia","Chordata","Eukaryota"
"ASV432","Homo sapiens","species","Homo sapiens","Homo","Hominidae","Primates","Mammalia","Chordata","Eukaryota"
"ASV441","Histrionicus histrionicus","species","Histrionicus histrionicus","Histrionicus","Anatidae","Anseriformes","Aves","Chordata","Eukaryota"
"ASV444","Homo sapiens","species","Homo sapiens","Homo","Hominidae","Primates","Mammalia","Chordata","Eukaryota"
"ASV451","Homo sapiens","species","Homo sapiens","Homo","Hominidae","Primates","Mammalia","Chordata","Eukaryota"
"ASV455","Homo sapiens","species","Homo sapiens","Homo","Hominidae","Primates","Mammalia","Chordata","Eukaryota"
"ASV457","Homo sapiens","species","Homo sapiens","Homo","Hominidae","Primates","Mammalia","Chordata","Eukaryota"
"ASV469","Homo sapiens","species","Homo sapiens","Homo","Hominidae","Primates","Mammalia","Chordata","Eukaryota"
"ASV480","Homo sapiens","species","Homo sapiens","Homo","Hominidae","Primates","Mammalia","Chordata","Eukaryota"
"ASV501","Canis lupus","species","Canis lupus","Canis","Canidae","Carnivora","Mammalia","Chordata","Eukaryota"
"ASV504","Homo sapiens","species","Homo sapiens","Homo","Hominidae","Primates","Mammalia","Chordata","Eukaryota"
"ASV508","Homo sapiens","species","Homo sapiens","Homo","Hominidae","Primates","Mammalia","Chordata","Eukaryota"
"ASV515","Homo sapiens","species","Homo sapiens","Homo","Hominidae","Primates","Mammalia","Chordata","Eukaryota"
"ASV523","Homo sapiens","species","Homo sapiens","Homo","Hominidae","Primates","Mammalia","Chordata","Eukaryota"
"ASV529","Homo sapiens","species","Homo sapiens","Homo","Hominidae","Primates","Mammalia","Chordata","Eukaryota"
"ASV543","Homo sapiens","species","Homo sapiens","Homo","Hominidae","Primates","Mammalia","Chordata","Eukaryota"
"ASV544","Homo sapiens","species","Homo sapiens","Homo","Hominidae","Primates","Mammalia","Chordata","Eukaryota"
"ASV547","Homo sapiens","species","Homo sapiens","Homo","Hominidae","Primates","Mammalia","Chordata","Eukaryota"
"ASV555","Homo sapiens","species","Homo sapiens","Homo","Hominidae","Primates","Mammalia","Chordata","Eukaryota"
"ASV574","Homo sapiens","species","Homo sapiens","Homo","Hominidae","Primates","Mammalia","Chordata","Eukaryota"
"ASV576","Homo sapiens","species","Homo sapiens","Homo","Hominidae","Primates","Mammalia","Chordata","Eukaryota"
"ASV578","Homo sapiens","species","Homo sapiens","Homo","Hominidae","Primates","Mammalia","Chordata","Eukaryota"
"ASV589","Homo sapiens","species","Homo sapiens","Homo","Hominidae","Primates","Mammalia","Chordata","Eukaryota"
"ASV598","Homo sapiens","species","Homo sapiens","Homo","Hominidae","Primates","Mammalia","Chordata","Eukaryota"
"ASV602","Homo sapiens","species","Homo sapiens","Homo","Hominidae","Primates","Mammalia","Chordata","Eukaryota"
"ASV607","Homo sapiens","species","Homo sapiens","Homo","Hominidae","Primates","Mammalia","Chordata","Eukaryota"
"ASV646","Homo sapiens","species","Homo sapiens","Homo","Hominidae","Primates","Mammalia","Chordata","Eukaryota"
"ASV676","Homo sapiens","species","Homo sapiens","Homo","Hominidae","Primates","Mammalia","Chordata","Eukaryota"
"ASV695","Canis lupus","species","Canis lupus","Canis","Canidae","Carnivora","Mammalia","Chordata","Eukaryota"
"ASV696","Eschrichtius robustus","species","Eschrichtius robustus","Eschrichtius","Eschrichtiidae","Artiodactyla","Mammalia","Chordata","Eukaryota"
"ASV722","Homo sapiens","species","Homo sapiens","Homo","Hominidae","Primates","Mammalia","Chordata","Eukaryota"
"ASV740","Homo sapiens","species","Homo sapiens","Homo","Hominidae","Primates","Mammalia","Chordata","Eukaryota"
"ASV754","Homo sapiens","species","Homo sapiens","Homo","Hominidae","Primates","Mammalia","Chordata","Eukaryota"
"ASV781","Aethia psittacula","species","Aethia psittacula","Aethia","Alcidae","Charadriiformes","Aves","Chordata","Eukaryota"
"ASV795","Homo sapiens","species","Homo sapiens","Homo","Hominidae","Primates","Mammalia","Chordata","Eukaryota"
"ASV797","Homo sapiens","species","Homo sapiens","Homo","Hominidae","Primates","Mammalia","Chordata","Eukaryota"
"ASV855","Canis lupus","species","Canis lupus","Canis","Canidae","Carnivora","Mammalia","Chordata","Eukaryota"
"ASV868","Homo sapiens","species","Homo sapiens","Homo","Hominidae","Primates","Mammalia","Chordata","Eukaryota"
"ASV869","Homo sapiens","species","Homo sapiens","Homo","Hominidae","Primates","Mammalia","Chordata","Eukaryota"
"ASV874","Canis lupus","species","Canis lupus","Canis","Canidae","Carnivora","Mammalia","Chordata","Eukaryota"
"ASV194","Phasianidae","family",NA,NA,"Phasianidae","Galliformes","Aves","Chordata","Eukaryota"
"ASV225","Hominidae","family",NA,NA,"Hominidae","Primates","Mammalia","Chordata","Eukaryota"
"ASV654","Petromyzontidae","family",NA,NA,"Petromyzontidae","Petromyzontiformes","Hyperoartia","Chordata","Eukaryota"
"ASV833","Hominidae","family",NA,NA,"Hominidae","Primates","Mammalia","Chordata","Eukaryota"
"ASV105","Stichaeidae","family",NA,NA,"Stichaeidae","Perciformes","Actinopteri","Chordata","Eukaryota"
"ASV126","Stichaeidae","family",NA,NA,"Stichaeidae","Perciformes","Actinopteri","Chordata","Eukaryota"
"ASV127","Gadidae","family",NA,NA,"Gadidae","Gadiformes","Actinopteri","Chordata","Eukaryota"
"ASV139","Pleuronectidae","family",NA,NA,"Pleuronectidae","Pleuronectiformes","Actinopteri","Chordata","Eukaryota"
"ASV165","Gadidae","family",NA,NA,"Gadidae","Gadiformes","Actinopteri","Chordata","Eukaryota"
"ASV189","Pleuronectidae","family",NA,NA,"Pleuronectidae","Pleuronectiformes","Actinopteri","Chordata","Eukaryota"
"ASV213","Stichaeidae","family",NA,NA,"Stichaeidae","Perciformes","Actinopteri","Chordata","Eukaryota"
"ASV230","Agonidae","family",NA,NA,"Agonidae","Perciformes","Actinopteri","Chordata","Eukaryota"
"ASV234","Gadidae","family",NA,NA,"Gadidae","Gadiformes","Actinopteri","Chordata","Eukaryota"
"ASV255","Agonidae","family",NA,NA,"Agonidae","Perciformes","Actinopteri","Chordata","Eukaryota"
"ASV288","Gadidae","family",NA,NA,"Gadidae","Gadiformes","Actinopteri","Chordata","Eukaryota"
"ASV3","Stichaeidae","family",NA,NA,"Stichaeidae","Perciformes","Actinopteri","Chordata","Eukaryota"
"ASV326","Pleuronectidae","family",NA,NA,"Pleuronectidae","Pleuronectiformes","Actinopteri","Chordata","Eukaryota"
"ASV328","Stichaeidae","family",NA,NA,"Stichaeidae","Perciformes","Actinopteri","Chordata","Eukaryota"
"ASV37","Pleuronectidae","family",NA,NA,"Pleuronectidae","Pleuronectiformes","Actinopteri","Chordata","Eukaryota"
"ASV393","Pleuronectidae","family",NA,NA,"Pleuronectidae","Pleuronectiformes","Actinopteri","Chordata","Eukaryota"
"ASV40","Pleuronectidae","family",NA,NA,"Pleuronectidae","Pleuronectiformes","Actinopteri","Chordata","Eukaryota"
"ASV406","Stichaeidae","family",NA,NA,"Stichaeidae","Perciformes","Actinopteri","Chordata","Eukaryota"
"ASV429","Stichaeidae","family",NA,NA,"Stichaeidae","Perciformes","Actinopteri","Chordata","Eukaryota"
"ASV430","Stichaeidae","family",NA,NA,"Stichaeidae","Perciformes","Actinopteri","Chordata","Eukaryota"
"ASV453","Pleuronectidae","family",NA,NA,"Pleuronectidae","Pleuronectiformes","Actinopteri","Chordata","Eukaryota"
"ASV466","Pleuronectidae","family",NA,NA,"Pleuronectidae","Pleuronectiformes","Actinopteri","Chordata","Eukaryota"
"ASV471","Stichaeidae","family",NA,NA,"Stichaeidae","Perciformes","Actinopteri","Chordata","Eukaryota"
"ASV475","Stichaeidae","family",NA,NA,"Stichaeidae","Perciformes","Actinopteri","Chordata","Eukaryota"
"ASV484","Stichaeidae","family",NA,NA,"Stichaeidae","Perciformes","Actinopteri","Chordata","Eukaryota"
"ASV514","Stichaeidae","family",NA,NA,"Stichaeidae","Perciformes","Actinopteri","Chordata","Eukaryota"
"ASV516","Stichaeidae","family",NA,NA,"Stichaeidae","Perciformes","Actinopteri","Chordata","Eukaryota"
"ASV521","Stichaeidae","family",NA,NA,"Stichaeidae","Perciformes","Actinopteri","Chordata","Eukaryota"
"ASV532","Stichaeidae","family",NA,NA,"Stichaeidae","Perciformes","Actinopteri","Chordata","Eukaryota"
"ASV538","Stichaeidae","family",NA,NA,"Stichaeidae","Perciformes","Actinopteri","Chordata","Eukaryota"
"ASV539","Stichaeidae","family",NA,NA,"Stichaeidae","Perciformes","Actinopteri","Chordata","Eukaryota"
"ASV549","Gadidae","family",NA,NA,"Gadidae","Gadiformes","Actinopteri","Chordata","Eukaryota"
"ASV553","Stichaeidae","family",NA,NA,"Stichaeidae","Perciformes","Actinopteri","Chordata","Eukaryota"
"ASV557","Stichaeidae","family",NA,NA,"Stichaeidae","Perciformes","Actinopteri","Chordata","Eukaryota"
"ASV57","Gadidae","family",NA,NA,"Gadidae","Gadiformes","Actinopteri","Chordata","Eukaryota"
"ASV570","Pleuronectidae","family",NA,NA,"Pleuronectidae","Pleuronectiformes","Actinopteri","Chordata","Eukaryota"
"ASV572","Stichaeidae","family",NA,NA,"Stichaeidae","Perciformes","Actinopteri","Chordata","Eukaryota"
"ASV577","Pleuronectidae","family",NA,NA,"Pleuronectidae","Pleuronectiformes","Actinopteri","Chordata","Eukaryota"
"ASV599","Stichaeidae","family",NA,NA,"Stichaeidae","Perciformes","Actinopteri","Chordata","Eukaryota"
"ASV600","Gadidae","family",NA,NA,"Gadidae","Gadiformes","Actinopteri","Chordata","Eukaryota"
"ASV614","Gadidae","family",NA,NA,"Gadidae","Gadiformes","Actinopteri","Chordata","Eukaryota"
"ASV620","Stichaeidae","family",NA,NA,"Stichaeidae","Perciformes","Actinopteri","Chordata","Eukaryota"
"ASV713","Pleuronectidae","family",NA,NA,"Pleuronectidae","Pleuronectiformes","Actinopteri","Chordata","Eukaryota"
"ASV730","Pleuronectidae","family",NA,NA,"Pleuronectidae","Pleuronectiformes","Actinopteri","Chordata","Eukaryota"
"ASV734","Stichaeidae","family",NA,NA,"Stichaeidae","Perciformes","Actinopteri","Chordata","Eukaryota"
"ASV744","Pleuronectidae","family",NA,NA,"Pleuronectidae","Pleuronectiformes","Actinopteri","Chordata","Eukaryota"
"ASV745","Stichaeidae","family",NA,NA,"Stichaeidae","Perciformes","Actinopteri","Chordata","Eukaryota"
"ASV750","Pleuronectidae","family",NA,NA,"Pleuronectidae","Pleuronectiformes","Actinopteri","Chordata","Eukaryota"
"ASV767","Pleuronectidae","family",NA,NA,"Pleuronectidae","Pleuronectiformes","Actinopteri","Chordata","Eukaryota"
"ASV769","Stichaeidae","family",NA,NA,"Stichaeidae","Perciformes","Actinopteri","Chordata","Eukaryota"
"ASV77","Pleuronectidae","family",NA,NA,"Pleuronectidae","Pleuronectiformes","Actinopteri","Chordata","Eukaryota"
"ASV79","Cottidae","family",NA,NA,"Cottidae","Perciformes","Actinopteri","Chordata","Eukaryota"
"ASV816","Stichaeidae","family",NA,NA,"Stichaeidae","Perciformes","Actinopteri","Chordata","Eukaryota"
"ASV818","Stichaeidae","family",NA,NA,"Stichaeidae","Perciformes","Actinopteri","Chordata","Eukaryota"
"ASV850","Stichaeidae","family",NA,NA,"Stichaeidae","Perciformes","Actinopteri","Chordata","Eukaryota"
"ASV879","Pleuronectidae","family",NA,NA,"Pleuronectidae","Pleuronectiformes","Actinopteri","Chordata","Eukaryota"
"ASV880","Gadidae","family",NA,NA,"Gadidae","Gadiformes","Actinopteri","Chordata","Eukaryota"
"ASV98","Gadidae","family",NA,NA,"Gadidae","Gadiformes","Actinopteri","Chordata","Eukaryota"
"ASV101","Oncorhynchus","genus",NA,"Oncorhynchus","Salmonidae","Salmoniformes","Actinopteri","Chordata","Eukaryota"
"ASV102","Bathymaster","genus",NA,"Bathymaster","Bathymasteridae","Perciformes","Actinopteri","Chordata","Eukaryota"
"ASV103","Hexagrammos","genus",NA,"Hexagrammos","Hexagrammidae","Perciformes","Actinopteri","Chordata","Eukaryota"
"ASV12","Hexagrammos","genus",NA,"Hexagrammos","Hexagrammidae","Perciformes","Actinopteri","Chordata","Eukaryota"
"ASV120","Bathymaster","genus",NA,"Bathymaster","Bathymasteridae","Perciformes","Actinopteri","Chordata","Eukaryota"
"ASV122","Hexagrammos","genus",NA,"Hexagrammos","Hexagrammidae","Perciformes","Actinopteri","Chordata","Eukaryota"
"ASV125","Hexagrammos","genus",NA,"Hexagrammos","Hexagrammidae","Perciformes","Actinopteri","Chordata","Eukaryota"
"ASV129","Gadus","genus",NA,"Gadus","Gadidae","Gadiformes","Actinopteri","Chordata","Eukaryota"
"ASV134","Xiphister","genus",NA,"Xiphister","Stichaeidae","Perciformes","Actinopteri","Chordata","Eukaryota"
"ASV137","Gadus","genus",NA,"Gadus","Gadidae","Gadiformes","Actinopteri","Chordata","Eukaryota"
"ASV148","Hexagrammos","genus",NA,"Hexagrammos","Hexagrammidae","Perciformes","Actinopteri","Chordata","Eukaryota"
"ASV160","Hemilepidotus","genus",NA,"Hemilepidotus","Cottidae","Perciformes","Actinopteri","Chordata","Eukaryota"
"ASV163","Hexagrammos","genus",NA,"Hexagrammos","Hexagrammidae","Perciformes","Actinopteri","Chordata","Eukaryota"
"ASV169","Gadus","genus",NA,"Gadus","Gadidae","Gadiformes","Actinopteri","Chordata","Eukaryota"
"ASV170","Gadus","genus",NA,"Gadus","Gadidae","Gadiformes","Actinopteri","Chordata","Eukaryota"
"ASV171","Gadus","genus",NA,"Gadus","Gadidae","Gadiformes","Actinopteri","Chordata","Eukaryota"
"ASV174","Hexagrammos","genus",NA,"Hexagrammos","Hexagrammidae","Perciformes","Actinopteri","Chordata","Eukaryota"
"ASV177","Xiphister","genus",NA,"Xiphister","Stichaeidae","Perciformes","Actinopteri","Chordata","Eukaryota"
"ASV178","Liparis","genus",NA,"Liparis","Liparidae","Perciformes","Actinopteri","Chordata","Eukaryota"
"ASV180","Anoplarchus","genus",NA,"Anoplarchus","Stichaeidae","Perciformes","Actinopteri","Chordata","Eukaryota"
"ASV186","Hexagrammos","genus",NA,"Hexagrammos","Hexagrammidae","Perciformes","Actinopteri","Chordata","Eukaryota"
"ASV188","Gadus","genus",NA,"Gadus","Gadidae","Gadiformes","Actinopteri","Chordata","Eukaryota"
"ASV198","Hexagrammos","genus",NA,"Hexagrammos","Hexagrammidae","Perciformes","Actinopteri","Chordata","Eukaryota"
"ASV209","Gadus","genus",NA,"Gadus","Gadidae","Gadiformes","Actinopteri","Chordata","Eukaryota"
"ASV215","Hexagrammos","genus",NA,"Hexagrammos","Hexagrammidae","Perciformes","Actinopteri","Chordata","Eukaryota"
"ASV226","Myoxocephalus","genus",NA,"Myoxocephalus","Cottidae","Perciformes","Actinopteri","Chordata","Eukaryota"
"ASV228","Gadus","genus",NA,"Gadus","Gadidae","Gadiformes","Actinopteri","Chordata","Eukaryota"
"ASV231","Xiphister","genus",NA,"Xiphister","Stichaeidae","Perciformes","Actinopteri","Chordata","Eukaryota"
"ASV232","Hexagrammos","genus",NA,"Hexagrammos","Hexagrammidae","Perciformes","Actinopteri","Chordata","Eukaryota"
"ASV235","Salvelinus","genus",NA,"Salvelinus","Salmonidae","Salmoniformes","Actinopteri","Chordata","Eukaryota"
"ASV236","Liparis","genus",NA,"Liparis","Liparidae","Perciformes","Actinopteri","Chordata","Eukaryota"
"ASV238","Hexagrammos","genus",NA,"Hexagrammos","Hexagrammidae","Perciformes","Actinopteri","Chordata","Eukaryota"
"ASV24","Sebastes","genus",NA,"Sebastes","Sebastidae","Perciformes","Actinopteri","Chordata","Eukaryota"
"ASV242","Bathymaster","genus",NA,"Bathymaster","Bathymasteridae","Perciformes","Actinopteri","Chordata","Eukaryota"
"ASV246","Gadus","genus",NA,"Gadus","Gadidae","Gadiformes","Actinopteri","Chordata","Eukaryota"
"ASV25","Myoxocephalus","genus",NA,"Myoxocephalus","Cottidae","Perciformes","Actinopteri","Chordata","Eukaryota"
"ASV257","Hexagrammos","genus",NA,"Hexagrammos","Hexagrammidae","Perciformes","Actinopteri","Chordata","Eukaryota"
"ASV260","Careproctus","genus",NA,"Careproctus","Liparidae","Perciformes","Actinopteri","Chordata","Eukaryota"
"ASV266","Oncorhynchus","genus",NA,"Oncorhynchus","Salmonidae","Salmoniformes","Actinopteri","Chordata","Eukaryota"
"ASV268","Hexagrammos","genus",NA,"Hexagrammos","Hexagrammidae","Perciformes","Actinopteri","Chordata","Eukaryota"
"ASV270","Gadus","genus",NA,"Gadus","Gadidae","Gadiformes","Actinopteri","Chordata","Eukaryota"
"ASV276","Hexagrammos","genus",NA,"Hexagrammos","Hexagrammidae","Perciformes","Actinopteri","Chordata","Eukaryota"
"ASV278","Sebastes","genus",NA,"Sebastes","Sebastidae","Perciformes","Actinopteri","Chordata","Eukaryota"
"ASV289","Gadus","genus",NA,"Gadus","Gadidae","Gadiformes","Actinopteri","Chordata","Eukaryota"
"ASV290","Sebastes","genus",NA,"Sebastes","Sebastidae","Perciformes","Actinopteri","Chordata","Eukaryota"
"ASV296","Hexagrammos","genus",NA,"Hexagrammos","Hexagrammidae","Perciformes","Actinopteri","Chordata","Eukaryota"
"ASV299","Gadus","genus",NA,"Gadus","Gadidae","Gadiformes","Actinopteri","Chordata","Eukaryota"
"ASV30","Liparis","genus",NA,"Liparis","Liparidae","Perciformes","Actinopteri","Chordata","Eukaryota"
"ASV301","Gadus","genus",NA,"Gadus","Gadidae","Gadiformes","Actinopteri","Chordata","Eukaryota"
"ASV303","Salvelinus","genus",NA,"Salvelinus","Salmonidae","Salmoniformes","Actinopteri","Chordata","Eukaryota"
"ASV305","Myoxocephalus","genus",NA,"Myoxocephalus","Cottidae","Perciformes","Actinopteri","Chordata","Eukaryota"
"ASV311","Artediellus","genus",NA,"Artediellus","Cottidae","Perciformes","Actinopteri","Chordata","Eukaryota"
"ASV320","Salvelinus","genus",NA,"Salvelinus","Salmonidae","Salmoniformes","Actinopteri","Chordata","Eukaryota"
"ASV323","Anoplarchus","genus",NA,"Anoplarchus","Stichaeidae","Perciformes","Actinopteri","Chordata","Eukaryota"
"ASV324","Gadus","genus",NA,"Gadus","Gadidae","Gadiformes","Actinopteri","Chordata","Eukaryota"
"ASV329","Gadus","genus",NA,"Gadus","Gadidae","Gadiformes","Actinopteri","Chordata","Eukaryota"
"ASV342","Gadus","genus",NA,"Gadus","Gadidae","Gadiformes","Actinopteri","Chordata","Eukaryota"
"ASV349","Hexagrammos","genus",NA,"Hexagrammos","Hexagrammidae","Perciformes","Actinopteri","Chordata","Eukaryota"
"ASV351","Gadus","genus",NA,"Gadus","Gadidae","Gadiformes","Actinopteri","Chordata","Eukaryota"
"ASV356","Hexagrammos","genus",NA,"Hexagrammos","Hexagrammidae","Perciformes","Actinopteri","Chordata","Eukaryota"
"ASV36","Gymnelus","genus",NA,"Gymnelus","Zoarcidae","Perciformes","Actinopteri","Chordata","Eukaryota"
"ASV361","Salvelinus","genus",NA,"Salvelinus","Salmonidae","Salmoniformes","Actinopteri","Chordata","Eukaryota"
"ASV362","Salvelinus","genus",NA,"Salvelinus","Salmonidae","Salmoniformes","Actinopteri","Chordata","Eukaryota"
"ASV369","Gymnelus","genus",NA,"Gymnelus","Zoarcidae","Perciformes","Actinopteri","Chordata","Eukaryota"
"ASV371","Hexagrammos","genus",NA,"Hexagrammos","Hexagrammidae","Perciformes","Actinopteri","Chordata","Eukaryota"
"ASV380","Liparis","genus",NA,"Liparis","Liparidae","Perciformes","Actinopteri","Chordata","Eukaryota"
"ASV384","Hexagrammos","genus",NA,"Hexagrammos","Hexagrammidae","Perciformes","Actinopteri","Chordata","Eukaryota"
"ASV386","Salvelinus","genus",NA,"Salvelinus","Salmonidae","Salmoniformes","Actinopteri","Chordata","Eukaryota"
"ASV389","Salvelinus","genus",NA,"Salvelinus","Salmonidae","Salmoniformes","Actinopteri","Chordata","Eukaryota"
"ASV391","Hexagrammos","genus",NA,"Hexagrammos","Hexagrammidae","Perciformes","Actinopteri","Chordata","Eukaryota"
"ASV392","Anoplarchus","genus",NA,"Anoplarchus","Stichaeidae","Perciformes","Actinopteri","Chordata","Eukaryota"
"ASV396","Hexagrammos","genus",NA,"Hexagrammos","Hexagrammidae","Perciformes","Actinopteri","Chordata","Eukaryota"
"ASV397","Sebastes","genus",NA,"Sebastes","Sebastidae","Perciformes","Actinopteri","Chordata","Eukaryota"
"ASV405","Lepidopsetta","genus",NA,"Lepidopsetta","Pleuronectidae","Pleuronectiformes","Actinopteri","Chordata","Eukaryota"
"ASV418","Gadus","genus",NA,"Gadus","Gadidae","Gadiformes","Actinopteri","Chordata","Eukaryota"
"ASV422","Gadus","genus",NA,"Gadus","Gadidae","Gadiformes","Actinopteri","Chordata","Eukaryota"
"ASV423","Salvelinus","genus",NA,"Salvelinus","Salmonidae","Salmoniformes","Actinopteri","Chordata","Eukaryota"
"ASV433","Salvelinus","genus",NA,"Salvelinus","Salmonidae","Salmoniformes","Actinopteri","Chordata","Eukaryota"
"ASV44","Hexagrammos","genus",NA,"Hexagrammos","Hexagrammidae","Perciformes","Actinopteri","Chordata","Eukaryota"
"ASV447","Liparis","genus",NA,"Liparis","Liparidae","Perciformes","Actinopteri","Chordata","Eukaryota"
"ASV465","Hexagrammos","genus",NA,"Hexagrammos","Hexagrammidae","Perciformes","Actinopteri","Chordata","Eukaryota"
"ASV477","Gymnelus","genus",NA,"Gymnelus","Zoarcidae","Perciformes","Actinopteri","Chordata","Eukaryota"
"ASV478","Anarhichas","genus",NA,"Anarhichas","Anarhichadidae","Perciformes","Actinopteri","Chordata","Eukaryota"
"ASV49","Hexagrammos","genus",NA,"Hexagrammos","Hexagrammidae","Perciformes","Actinopteri","Chordata","Eukaryota"
"ASV52","Anoplarchus","genus",NA,"Anoplarchus","Stichaeidae","Perciformes","Actinopteri","Chordata","Eukaryota"
"ASV53","Salvelinus","genus",NA,"Salvelinus","Salmonidae","Salmoniformes","Actinopteri","Chordata","Eukaryota"
"ASV540","Hexagrammos","genus",NA,"Hexagrammos","Hexagrammidae","Perciformes","Actinopteri","Chordata","Eukaryota"
"ASV558","Gadus","genus",NA,"Gadus","Gadidae","Gadiformes","Actinopteri","Chordata","Eukaryota"
"ASV564","Myoxocephalus","genus",NA,"Myoxocephalus","Cottidae","Perciformes","Actinopteri","Chordata","Eukaryota"
"ASV597","Gadus","genus",NA,"Gadus","Gadidae","Gadiformes","Actinopteri","Chordata","Eukaryota"
"ASV604","Salvelinus","genus",NA,"Salvelinus","Salmonidae","Salmoniformes","Actinopteri","Chordata","Eukaryota"
"ASV610","Bathymaster","genus",NA,"Bathymaster","Bathymasteridae","Perciformes","Actinopteri","Chordata","Eukaryota"
"ASV613","Lycodes","genus",NA,"Lycodes","Zoarcidae","Perciformes","Actinopteri","Chordata","Eukaryota"
"ASV643","Gadus","genus",NA,"Gadus","Gadidae","Gadiformes","Actinopteri","Chordata","Eukaryota"
"ASV69","Gadus","genus",NA,"Gadus","Gadidae","Gadiformes","Actinopteri","Chordata","Eukaryota"
"ASV693","Hexagrammos","genus",NA,"Hexagrammos","Hexagrammidae","Perciformes","Actinopteri","Chordata","Eukaryota"
"ASV748","Liparis","genus",NA,"Liparis","Liparidae","Perciformes","Actinopteri","Chordata","Eukaryota"
"ASV78","Oncorhynchus","genus",NA,"Oncorhynchus","Salmonidae","Salmoniformes","Actinopteri","Chordata","Eukaryota"
"ASV787","Myoxocephalus","genus",NA,"Myoxocephalus","Cottidae","Perciformes","Actinopteri","Chordata","Eukaryota"
"ASV8","Gadus","genus",NA,"Gadus","Gadidae","Gadiformes","Actinopteri","Chordata","Eukaryota"
"ASV804","Oncorhynchus","genus",NA,"Oncorhynchus","Salmonidae","Salmoniformes","Actinopteri","Chordata","Eukaryota"
"ASV806","Liparis","genus",NA,"Liparis","Liparidae","Perciformes","Actinopteri","Chordata","Eukaryota"
"ASV831","Gadus","genus",NA,"Gadus","Gadidae","Gadiformes","Actinopteri","Chordata","Eukaryota"
"ASV837","Sebastes","genus",NA,"Sebastes","Sebastidae","Perciformes","Actinopteri","Chordata","Eukaryota"
"ASV839","Hexagrammos","genus",NA,"Hexagrammos","Hexagrammidae","Perciformes","Actinopteri","Chordata","Eukaryota"
"ASV107","Hexagrammos decagrammus","species","Hexagrammos decagrammus","Hexagrammos","Hexagrammidae","Perciformes","Actinopteri","Chordata","Eukaryota"
"ASV108","Clupea pallasii","species","Clupea pallasii","Clupea","Clupeidae","Clupeiformes","Actinopteri","Chordata","Eukaryota"
"ASV109","Mallotus villosus","species","Mallotus villosus","Mallotus","Salangidae","Osmeriformes","Actinopteri","Chordata","Eukaryota"
"ASV11","Anisarchus medius","species","Anisarchus medius","Anisarchus","Stichaeidae","Perciformes","Actinopteri","Chordata","Eukaryota"
"ASV112","Lycodes polaris","species","Lycodes polaris","Lycodes","Zoarcidae","Perciformes","Actinopteri","Chordata","Eukaryota"
"ASV113","Leptocottus armatus","species","Leptocottus armatus","Leptocottus","Cottidae","Perciformes","Actinopteri","Chordata","Eukaryota"
"ASV114","Leptocottus armatus","species","Leptocottus armatus","Leptocottus","Cottidae","Perciformes","Actinopteri","Chordata","Eukaryota"
"ASV117","Pholis laeta","species","Pholis laeta","Pholis","Pholidae","Perciformes","Actinopteri","Chordata","Eukaryota"
"ASV118","Ammodytes personatus","species","Ammodytes personatus","Ammodytes","Ammodytidae","Uranoscopiformes","Actinopteri","Chordata","Eukaryota"
"ASV119","Oncorhynchus kisutch","species","Oncorhynchus kisutch","Oncorhynchus","Salmonidae","Salmoniformes","Actinopteri","Chordata","Eukaryota"
"ASV121","Clupea pallasii","species","Clupea pallasii","Clupea","Clupeidae","Clupeiformes","Actinopteri","Chordata","Eukaryota"
"ASV123","Clupea pallasii","species","Clupea pallasii","Clupea","Clupeidae","Clupeiformes","Actinopteri","Chordata","Eukaryota"
"ASV130","Ammodytes personatus","species","Ammodytes personatus","Ammodytes","Ammodytidae","Uranoscopiformes","Actinopteri","Chordata","Eukaryota"
"ASV131","Apodichthys flavidus","species","Apodichthys flavidus","Apodichthys","Pholidae","Perciformes","Actinopteri","Chordata","Eukaryota"
"ASV132","Lycodes polaris","species","Lycodes polaris","Lycodes","Zoarcidae","Perciformes","Actinopteri","Chordata","Eukaryota"
"ASV135","Gadus chalcogrammus","species","Gadus chalcogrammus","Gadus","Gadidae","Gadiformes","Actinopteri","Chordata","Eukaryota"
"ASV136","Leptocottus armatus","species","Leptocottus armatus","Leptocottus","Cottidae","Perciformes","Actinopteri","Chordata","Eukaryota"
"ASV141","Ammodytes personatus","species","Ammodytes personatus","Ammodytes","Ammodytidae","Uranoscopiformes","Actinopteri","Chordata","Eukaryota"
"ASV142","Ammodytes personatus","species","Ammodytes personatus","Ammodytes","Ammodytidae","Uranoscopiformes","Actinopteri","Chordata","Eukaryota"
"ASV143","Gadus chalcogrammus","species","Gadus chalcogrammus","Gadus","Gadidae","Gadiformes","Actinopteri","Chordata","Eukaryota"
"ASV144","Clupea pallasii","species","Clupea pallasii","Clupea","Clupeidae","Clupeiformes","Actinopteri","Chordata","Eukaryota"
"ASV145","Clupea pallasii","species","Clupea pallasii","Clupea","Clupeidae","Clupeiformes","Actinopteri","Chordata","Eukaryota"
"ASV146","Ammodytes personatus","species","Ammodytes personatus","Ammodytes","Ammodytidae","Uranoscopiformes","Actinopteri","Chordata","Eukaryota"
"ASV15","Eleginus gracilis","species","Eleginus gracilis","Eleginus","Gadidae","Gadiformes","Actinopteri","Chordata","Eukaryota"
"ASV150","Gadus chalcogrammus","species","Gadus chalcogrammus","Gadus","Gadidae","Gadiformes","Actinopteri","Chordata","Eukaryota"
"ASV151","Gadus chalcogrammus","species","Gadus chalcogrammus","Gadus","Gadidae","Gadiformes","Actinopteri","Chordata","Eukaryota"
"ASV155","Clupea pallasii","species","Clupea pallasii","Clupea","Clupeidae","Clupeiformes","Actinopteri","Chordata","Eukaryota"
"ASV157","Ammodytes personatus","species","Ammodytes personatus","Ammodytes","Ammodytidae","Uranoscopiformes","Actinopteri","Chordata","Eukaryota"
"ASV159","Gadus chalcogrammus","species","Gadus chalcogrammus","Gadus","Gadidae","Gadiformes","Actinopteri","Chordata","Eukaryota"
"ASV16","Gymnocanthus tricuspis","species","Gymnocanthus tricuspis","Gymnocanthus","Cottidae","Perciformes","Actinopteri","Chordata","Eukaryota"
"ASV161","Ammodytes personatus","species","Ammodytes personatus","Ammodytes","Ammodytidae","Uranoscopiformes","Actinopteri","Chordata","Eukaryota"
"ASV162","Pholis laeta","species","Pholis laeta","Pholis","Pholidae","Perciformes","Actinopteri","Chordata","Eukaryota"
"ASV164","Gadus chalcogrammus","species","Gadus chalcogrammus","Gadus","Gadidae","Gadiformes","Actinopteri","Chordata","Eukaryota"
"ASV166","Eleginus gracilis","species","Eleginus gracilis","Eleginus","Gadidae","Gadiformes","Actinopteri","Chordata","Eukaryota"
"ASV172","Ammodytes personatus","species","Ammodytes personatus","Ammodytes","Ammodytidae","Uranoscopiformes","Actinopteri","Chordata","Eukaryota"
"ASV175","Clupea pallasii","species","Clupea pallasii","Clupea","Clupeidae","Clupeiformes","Actinopteri","Chordata","Eukaryota"
"ASV18","Gadus chalcogrammus","species","Gadus chalcogrammus","Gadus","Gadidae","Gadiformes","Actinopteri","Chordata","Eukaryota"
"ASV181","Blepsias cirrhosus","species","Blepsias cirrhosus","Blepsias","Agonidae","Perciformes","Actinopteri","Chordata","Eukaryota"
"ASV182","Oncorhynchus kisutch","species","Oncorhynchus kisutch","Oncorhynchus","Salmonidae","Salmoniformes","Actinopteri","Chordata","Eukaryota"
"ASV183","Lycodes squamiventer","species","Lycodes squamiventer","Lycodes","Zoarcidae","Perciformes","Actinopteri","Chordata","Eukaryota"
"ASV184","Artedius lateralis","species","Artedius lateralis","Artedius","Cottidae","Perciformes","Actinopteri","Chordata","Eukaryota"
"ASV190","Gymnocanthus tricuspis","species","Gymnocanthus tricuspis","Gymnocanthus","Cottidae","Perciformes","Actinopteri","Chordata","Eukaryota"
"ASV192","Leptocottus armatus","species","Leptocottus armatus","Leptocottus","Cottidae","Perciformes","Actinopteri","Chordata","Eukaryota"
"ASV193","Clupea pallasii","species","Clupea pallasii","Clupea","Clupeidae","Clupeiformes","Actinopteri","Chordata","Eukaryota"
"ASV196","Gadus chalcogrammus","species","Gadus chalcogrammus","Gadus","Gadidae","Gadiformes","Actinopteri","Chordata","Eukaryota"
"ASV197","Gadus macrocephalus","species","Gadus macrocephalus","Gadus","Gadidae","Gadiformes","Actinopteri","Chordata","Eukaryota"
"ASV199","Oncorhynchus tshawytscha","species","Oncorhynchus tshawytscha","Oncorhynchus","Salmonidae","Salmoniformes","Actinopteri","Chordata","Eukaryota"
"ASV2","Ammodytes hexapterus","species","Ammodytes hexapterus","Ammodytes","Ammodytidae","Uranoscopiformes","Actinopteri","Chordata","Eukaryota"
"ASV20","Mallotus villosus","species","Mallotus villosus","Mallotus","Salangidae","Osmeriformes","Actinopteri","Chordata","Eukaryota"
"ASV200","Oncorhynchus gorbuscha","species","Oncorhynchus gorbuscha","Oncorhynchus","Salmonidae","Salmoniformes","Actinopteri","Chordata","Eukaryota"
"ASV203","Gadus chalcogrammus","species","Gadus chalcogrammus","Gadus","Gadidae","Gadiformes","Actinopteri","Chordata","Eukaryota"
"ASV204","Liparis tunicatus","species","Liparis tunicatus","Liparis","Liparidae","Perciformes","Actinopteri","Chordata","Eukaryota"
"ASV205","Hexagrammos decagrammus","species","Hexagrammos decagrammus","Hexagrammos","Hexagrammidae","Perciformes","Actinopteri","Chordata","Eukaryota"
"ASV206","Clupea pallasii","species","Clupea pallasii","Clupea","Clupeidae","Clupeiformes","Actinopteri","Chordata","Eukaryota"
"ASV207","Clupea pallasii","species","Clupea pallasii","Clupea","Clupeidae","Clupeiformes","Actinopteri","Chordata","Eukaryota"
"ASV210","Clupea pallasii","species","Clupea pallasii","Clupea","Clupeidae","Clupeiformes","Actinopteri","Chordata","Eukaryota"
"ASV211","Ammodytes personatus","species","Ammodytes personatus","Ammodytes","Ammodytidae","Uranoscopiformes","Actinopteri","Chordata","Eukaryota"
"ASV217","Ammodytes personatus","species","Ammodytes personatus","Ammodytes","Ammodytidae","Uranoscopiformes","Actinopteri","Chordata","Eukaryota"
"ASV22","Ammodytes personatus","species","Ammodytes personatus","Ammodytes","Ammodytidae","Uranoscopiformes","Actinopteri","Chordata","Eukaryota"
"ASV223","Lycodes polaris","species","Lycodes polaris","Lycodes","Zoarcidae","Perciformes","Actinopteri","Chordata","Eukaryota"
"ASV224","Hemilepidotus hemilepidotus","species","Hemilepidotus hemilepidotus","Hemilepidotus","Cottidae","Perciformes","Actinopteri","Chordata","Eukaryota"
"ASV227","Artedius lateralis","species","Artedius lateralis","Artedius","Cottidae","Perciformes","Actinopteri","Chordata","Eukaryota"
"ASV233","Hippoglossus stenolepis","species","Hippoglossus stenolepis","Hippoglossus","Pleuronectidae","Pleuronectiformes","Actinopteri","Chordata","Eukaryota"
"ASV240","Clupea pallasii","species","Clupea pallasii","Clupea","Clupeidae","Clupeiformes","Actinopteri","Chordata","Eukaryota"
"ASV243","Thaleichthys pacificus","species","Thaleichthys pacificus","Thaleichthys","Osmeridae","Osmeriformes","Actinopteri","Chordata","Eukaryota"
"ASV245","Gadus chalcogrammus","species","Gadus chalcogrammus","Gadus","Gadidae","Gadiformes","Actinopteri","Chordata","Eukaryota"
"ASV247","Ammodytes personatus","species","Ammodytes personatus","Ammodytes","Ammodytidae","Uranoscopiformes","Actinopteri","Chordata","Eukaryota"
"ASV248","Mallotus villosus","species","Mallotus villosus","Mallotus","Salangidae","Osmeriformes","Actinopteri","Chordata","Eukaryota"
"ASV249","Oncorhynchus nerka","species","Oncorhynchus nerka","Oncorhynchus","Salmonidae","Salmoniformes","Actinopteri","Chordata","Eukaryota"
"ASV250","Boreogadus saida","species","Boreogadus saida","Boreogadus","Gadidae","Gadiformes","Actinopteri","Chordata","Eukaryota"
"ASV252","Ammodytes personatus","species","Ammodytes personatus","Ammodytes","Ammodytidae","Uranoscopiformes","Actinopteri","Chordata","Eukaryota"
"ASV256","Oncorhynchus keta","species","Oncorhynchus keta","Oncorhynchus","Salmonidae","Salmoniformes","Actinopteri","Chordata","Eukaryota"
"ASV26","Oncorhynchus kisutch","species","Oncorhynchus kisutch","Oncorhynchus","Salmonidae","Salmoniformes","Actinopteri","Chordata","Eukaryota"
"ASV262","Oncorhynchus keta","species","Oncorhynchus keta","Oncorhynchus","Salmonidae","Salmoniformes","Actinopteri","Chordata","Eukaryota"
"ASV263","Artedius lateralis","species","Artedius lateralis","Artedius","Cottidae","Perciformes","Actinopteri","Chordata","Eukaryota"
"ASV265","Pholis laeta","species","Pholis laeta","Pholis","Pholidae","Perciformes","Actinopteri","Chordata","Eukaryota"
"ASV269","Stichaeus punctatus","species","Stichaeus punctatus","Stichaeus","Stichaeidae","Perciformes","Actinopteri","Chordata","Eukaryota"
"ASV273","Mallotus villosus","species","Mallotus villosus","Mallotus","Salangidae","Osmeriformes","Actinopteri","Chordata","Eukaryota"
"ASV275","Aspidophoroides olrikii","species","Aspidophoroides olrikii","Aspidophoroides","Agonidae","Perciformes","Actinopteri","Chordata","Eukaryota"
"ASV277","Pholis laeta","species","Pholis laeta","Pholis","Pholidae","Perciformes","Actinopteri","Chordata","Eukaryota"
"ASV280","Eleginus gracilis","species","Eleginus gracilis","Eleginus","Gadidae","Gadiformes","Actinopteri","Chordata","Eukaryota"
"ASV283","Clupea pallasii","species","Clupea pallasii","Clupea","Clupeidae","Clupeiformes","Actinopteri","Chordata","Eukaryota"
"ASV285","Gadus chalcogrammus","species","Gadus chalcogrammus","Gadus","Gadidae","Gadiformes","Actinopteri","Chordata","Eukaryota"
"ASV286","Ammodytes personatus","species","Ammodytes personatus","Ammodytes","Ammodytidae","Uranoscopiformes","Actinopteri","Chordata","Eukaryota"
"ASV287","Aptocyclus ventricosus","species","Aptocyclus ventricosus","Aptocyclus","Cyclopteridae","Perciformes","Actinopteri","Chordata","Eukaryota"
"ASV29","Pholis laeta","species","Pholis laeta","Pholis","Pholidae","Perciformes","Actinopteri","Chordata","Eukaryota"
"ASV293","Clupea pallasii","species","Clupea pallasii","Clupea","Clupeidae","Clupeiformes","Actinopteri","Chordata","Eukaryota"
"ASV294","Clupea pallasii","species","Clupea pallasii","Clupea","Clupeidae","Clupeiformes","Actinopteri","Chordata","Eukaryota"
"ASV297","Ammodytes personatus","species","Ammodytes personatus","Ammodytes","Ammodytidae","Uranoscopiformes","Actinopteri","Chordata","Eukaryota"
"ASV300","Ammodytes personatus","species","Ammodytes personatus","Ammodytes","Ammodytidae","Uranoscopiformes","Actinopteri","Chordata","Eukaryota"
"ASV302","Oncorhynchus kisutch","species","Oncorhynchus kisutch","Oncorhynchus","Salmonidae","Salmoniformes","Actinopteri","Chordata","Eukaryota"
"ASV304","Gadus chalcogrammus","species","Gadus chalcogrammus","Gadus","Gadidae","Gadiformes","Actinopteri","Chordata","Eukaryota"
"ASV309","Clupea pallasii","species","Clupea pallasii","Clupea","Clupeidae","Clupeiformes","Actinopteri","Chordata","Eukaryota"
"ASV31","Lycodes polaris","species","Lycodes polaris","Lycodes","Zoarcidae","Perciformes","Actinopteri","Chordata","Eukaryota"
"ASV310","Clupea pallasii","species","Clupea pallasii","Clupea","Clupeidae","Clupeiformes","Actinopteri","Chordata","Eukaryota"
"ASV312","Clupea pallasii","species","Clupea pallasii","Clupea","Clupeidae","Clupeiformes","Actinopteri","Chordata","Eukaryota"
"ASV313","Leptocottus armatus","species","Leptocottus armatus","Leptocottus","Cottidae","Perciformes","Actinopteri","Chordata","Eukaryota"
"ASV314","Osmerus mordax","species","Osmerus mordax","Osmerus","Osmeridae","Osmeriformes","Actinopteri","Chordata","Eukaryota"
"ASV317","Nautichthys pribilovius","species","Nautichthys pribilovius","Nautichthys","Agonidae","Perciformes","Actinopteri","Chordata","Eukaryota"
"ASV319","Clupea pallasii","species","Clupea pallasii","Clupea","Clupeidae","Clupeiformes","Actinopteri","Chordata","Eukaryota"
"ASV321","Gadus chalcogrammus","species","Gadus chalcogrammus","Gadus","Gadidae","Gadiformes","Actinopteri","Chordata","Eukaryota"
"ASV327","Pholis laeta","species","Pholis laeta","Pholis","Pholidae","Perciformes","Actinopteri","Chordata","Eukaryota"
"ASV33","Liparis tunicatus","species","Liparis tunicatus","Liparis","Liparidae","Perciformes","Actinopteri","Chordata","Eukaryota"
"ASV330","Clupea pallasii","species","Clupea pallasii","Clupea","Clupeidae","Clupeiformes","Actinopteri","Chordata","Eukaryota"
"ASV332","Clupea pallasii","species","Clupea pallasii","Clupea","Clupeidae","Clupeiformes","Actinopteri","Chordata","Eukaryota"
"ASV333","Gadus chalcogrammus","species","Gadus chalcogrammus","Gadus","Gadidae","Gadiformes","Actinopteri","Chordata","Eukaryota"
"ASV334","Pholis laeta","species","Pholis laeta","Pholis","Pholidae","Perciformes","Actinopteri","Chordata","Eukaryota"
"ASV335","Oncorhynchus keta","species","Oncorhynchus keta","Oncorhynchus","Salmonidae","Salmoniformes","Actinopteri","Chordata","Eukaryota"
"ASV336","Gadus chalcogrammus","species","Gadus chalcogrammus","Gadus","Gadidae","Gadiformes","Actinopteri","Chordata","Eukaryota"
"ASV338","Ammodytes personatus","species","Ammodytes personatus","Ammodytes","Ammodytidae","Uranoscopiformes","Actinopteri","Chordata","Eukaryota"
"ASV34","Gadus chalcogrammus","species","Gadus chalcogrammus","Gadus","Gadidae","Gadiformes","Actinopteri","Chordata","Eukaryota"
"ASV340","Clupea pallasii","species","Clupea pallasii","Clupea","Clupeidae","Clupeiformes","Actinopteri","Chordata","Eukaryota"
"ASV341","Clupea pallasii","species","Clupea pallasii","Clupea","Clupeidae","Clupeiformes","Actinopteri","Chordata","Eukaryota"
"ASV344","Acipenser baerii","species","Acipenser baerii","Acipenser","Acipenseridae","Acipenseriformes","Actinopteri","Chordata","Eukaryota"
"ASV346","Ammodytes personatus","species","Ammodytes personatus","Ammodytes","Ammodytidae","Uranoscopiformes","Actinopteri","Chordata","Eukaryota"
"ASV347","Clupea pallasii","species","Clupea pallasii","Clupea","Clupeidae","Clupeiformes","Actinopteri","Chordata","Eukaryota"
"ASV348","Ammodytes hexapterus","species","Ammodytes hexapterus","Ammodytes","Ammodytidae","Uranoscopiformes","Actinopteri","Chordata","Eukaryota"
"ASV350","Lumpenus sagitta","species","Lumpenus sagitta","Lumpenus","Stichaeidae","Perciformes","Actinopteri","Chordata","Eukaryota"
"ASV357","Podothecus accipenserinus","species","Podothecus accipenserinus","Podothecus","Agonidae","Perciformes","Actinopteri","Chordata","Eukaryota"
"ASV359","Clupea pallasii","species","Clupea pallasii","Clupea","Clupeidae","Clupeiformes","Actinopteri","Chordata","Eukaryota"
"ASV365","Gadus chalcogrammus","species","Gadus chalcogrammus","Gadus","Gadidae","Gadiformes","Actinopteri","Chordata","Eukaryota"
"ASV368","Ammodytes personatus","species","Ammodytes personatus","Ammodytes","Ammodytidae","Uranoscopiformes","Actinopteri","Chordata","Eukaryota"
"ASV374","Clupea pallasii","species","Clupea pallasii","Clupea","Clupeidae","Clupeiformes","Actinopteri","Chordata","Eukaryota"
"ASV375","Clupea pallasii","species","Clupea pallasii","Clupea","Clupeidae","Clupeiformes","Actinopteri","Chordata","Eukaryota"
"ASV376","Gadus chalcogrammus","species","Gadus chalcogrammus","Gadus","Gadidae","Gadiformes","Actinopteri","Chordata","Eukaryota"
"ASV378","Clupea pallasii","species","Clupea pallasii","Clupea","Clupeidae","Clupeiformes","Actinopteri","Chordata","Eukaryota"
"ASV379","Gadus chalcogrammus","species","Gadus chalcogrammus","Gadus","Gadidae","Gadiformes","Actinopteri","Chordata","Eukaryota"
"ASV38","Clupea pallasii","species","Clupea pallasii","Clupea","Clupeidae","Clupeiformes","Actinopteri","Chordata","Eukaryota"
"ASV382","Lycodes polaris","species","Lycodes polaris","Lycodes","Zoarcidae","Perciformes","Actinopteri","Chordata","Eukaryota"
"ASV383","Gadus chalcogrammus","species","Gadus chalcogrammus","Gadus","Gadidae","Gadiformes","Actinopteri","Chordata","Eukaryota"
"ASV385","Oncorhynchus kisutch","species","Oncorhynchus kisutch","Oncorhynchus","Salmonidae","Salmoniformes","Actinopteri","Chordata","Eukaryota"
"ASV387","Clupea pallasii","species","Clupea pallasii","Clupea","Clupeidae","Clupeiformes","Actinopteri","Chordata","Eukaryota"
"ASV388","Mallotus villosus","species","Mallotus villosus","Mallotus","Salangidae","Osmeriformes","Actinopteri","Chordata","Eukaryota"
"ASV39","Clupea pallasii","species","Clupea pallasii","Clupea","Clupeidae","Clupeiformes","Actinopteri","Chordata","Eukaryota"
"ASV395","Eleginus gracilis","species","Eleginus gracilis","Eleginus","Gadidae","Gadiformes","Actinopteri","Chordata","Eukaryota"
"ASV399","Clupea pallasii","species","Clupea pallasii","Clupea","Clupeidae","Clupeiformes","Actinopteri","Chordata","Eukaryota"
"ASV4","Clupea pallasii","species","Clupea pallasii","Clupea","Clupeidae","Clupeiformes","Actinopteri","Chordata","Eukaryota"
"ASV400","Ammodytes hexapterus","species","Ammodytes hexapterus","Ammodytes","Ammodytidae","Uranoscopiformes","Actinopteri","Chordata","Eukaryota"
"ASV402","Gadus chalcogrammus","species","Gadus chalcogrammus","Gadus","Gadidae","Gadiformes","Actinopteri","Chordata","Eukaryota"
"ASV403","Gadus chalcogrammus","species","Gadus chalcogrammus","Gadus","Gadidae","Gadiformes","Actinopteri","Chordata","Eukaryota"
"ASV404","Oncorhynchus kisutch","species","Oncorhynchus kisutch","Oncorhynchus","Salmonidae","Salmoniformes","Actinopteri","Chordata","Eukaryota"
"ASV407","Gadus chalcogrammus","species","Gadus chalcogrammus","Gadus","Gadidae","Gadiformes","Actinopteri","Chordata","Eukaryota"
"ASV41","Oncorhynchus keta","species","Oncorhynchus keta","Oncorhynchus","Salmonidae","Salmoniformes","Actinopteri","Chordata","Eukaryota"
"ASV411","Pholis laeta","species","Pholis laeta","Pholis","Pholidae","Perciformes","Actinopteri","Chordata","Eukaryota"
"ASV412","Ammodytes hexapterus","species","Ammodytes hexapterus","Ammodytes","Ammodytidae","Uranoscopiformes","Actinopteri","Chordata","Eukaryota"
"ASV413","Clupea pallasii","species","Clupea pallasii","Clupea","Clupeidae","Clupeiformes","Actinopteri","Chordata","Eukaryota"
"ASV414","Clupea pallasii","species","Clupea pallasii","Clupea","Clupeidae","Clupeiformes","Actinopteri","Chordata","Eukaryota"
"ASV416","Clupea pallasii","species","Clupea pallasii","Clupea","Clupeidae","Clupeiformes","Actinopteri","Chordata","Eukaryota"
"ASV420","Ammodytes hexapterus","species","Ammodytes hexapterus","Ammodytes","Ammodytidae","Uranoscopiformes","Actinopteri","Chordata","Eukaryota"
"ASV421","Gasterosteus aculeatus","species","Gasterosteus aculeatus","Gasterosteus","Gasterosteidae","Perciformes","Actinopteri","Chordata","Eukaryota"
"ASV425","Liparis tunicatus","species","Liparis tunicatus","Liparis","Liparidae","Perciformes","Actinopteri","Chordata","Eukaryota"
"ASV426","Gadus chalcogrammus","species","Gadus chalcogrammus","Gadus","Gadidae","Gadiformes","Actinopteri","Chordata","Eukaryota"
"ASV434","Clupea pallasii","species","Clupea pallasii","Clupea","Clupeidae","Clupeiformes","Actinopteri","Chordata","Eukaryota"
"ASV435","Hypomesus pretiosus","species","Hypomesus pretiosus","Hypomesus","Osmeridae","Osmeriformes","Actinopteri","Chordata","Eukaryota"
"ASV436","Oncorhynchus keta","species","Oncorhynchus keta","Oncorhynchus","Salmonidae","Salmoniformes","Actinopteri","Chordata","Eukaryota"
"ASV437","Clupea pallasii","species","Clupea pallasii","Clupea","Clupeidae","Clupeiformes","Actinopteri","Chordata","Eukaryota"
"ASV438","Boreogadus saida","species","Boreogadus saida","Boreogadus","Gadidae","Gadiformes","Actinopteri","Chordata","Eukaryota"
"ASV439","Ammodytes hexapterus","species","Ammodytes hexapterus","Ammodytes","Ammodytidae","Uranoscopiformes","Actinopteri","Chordata","Eukaryota"
"ASV446","Pholis laeta","species","Pholis laeta","Pholis","Pholidae","Perciformes","Actinopteri","Chordata","Eukaryota"
"ASV448","Oncorhynchus kisutch","species","Oncorhynchus kisutch","Oncorhynchus","Salmonidae","Salmoniformes","Actinopteri","Chordata","Eukaryota"
"ASV449","Gadus chalcogrammus","species","Gadus chalcogrammus","Gadus","Gadidae","Gadiformes","Actinopteri","Chordata","Eukaryota"
"ASV452","Gadus chalcogrammus","species","Gadus chalcogrammus","Gadus","Gadidae","Gadiformes","Actinopteri","Chordata","Eukaryota"
"ASV456","Clupea pallasii","species","Clupea pallasii","Clupea","Clupeidae","Clupeiformes","Actinopteri","Chordata","Eukaryota"
"ASV458","Synchirus gilli","species","Synchirus gilli","Synchirus","Cottidae","Perciformes","Actinopteri","Chordata","Eukaryota"
"ASV459","Oncorhynchus kisutch","species","Oncorhynchus kisutch","Oncorhynchus","Salmonidae","Salmoniformes","Actinopteri","Chordata","Eukaryota"
"ASV460","Eleginus gracilis","species","Eleginus gracilis","Eleginus","Gadidae","Gadiformes","Actinopteri","Chordata","Eukaryota"
"ASV461","Oncorhynchus kisutch","species","Oncorhynchus kisutch","Oncorhynchus","Salmonidae","Salmoniformes","Actinopteri","Chordata","Eukaryota"
"ASV462","Anisarchus medius","species","Anisarchus medius","Anisarchus","Stichaeidae","Perciformes","Actinopteri","Chordata","Eukaryota"
"ASV463","Gadus chalcogrammus","species","Gadus chalcogrammus","Gadus","Gadidae","Gadiformes","Actinopteri","Chordata","Eukaryota"
"ASV464","Gadus chalcogrammus","species","Gadus chalcogrammus","Gadus","Gadidae","Gadiformes","Actinopteri","Chordata","Eukaryota"
"ASV467","Gadus chalcogrammus","species","Gadus chalcogrammus","Gadus","Gadidae","Gadiformes","Actinopteri","Chordata","Eukaryota"
"ASV470","Boreogadus saida","species","Boreogadus saida","Boreogadus","Gadidae","Gadiformes","Actinopteri","Chordata","Eukaryota"
"ASV472","Gymnocanthus tricuspis","species","Gymnocanthus tricuspis","Gymnocanthus","Cottidae","Perciformes","Actinopteri","Chordata","Eukaryota"
"ASV473","Gadus chalcogrammus","species","Gadus chalcogrammus","Gadus","Gadidae","Gadiformes","Actinopteri","Chordata","Eukaryota"
"ASV482","Gadus chalcogrammus","species","Gadus chalcogrammus","Gadus","Gadidae","Gadiformes","Actinopteri","Chordata","Eukaryota"
"ASV483","Artedius lateralis","species","Artedius lateralis","Artedius","Cottidae","Perciformes","Actinopteri","Chordata","Eukaryota"
"ASV485","Oncorhynchus kisutch","species","Oncorhynchus kisutch","Oncorhynchus","Salmonidae","Salmoniformes","Actinopteri","Chordata","Eukaryota"
"ASV486","Clupea pallasii","species","Clupea pallasii","Clupea","Clupeidae","Clupeiformes","Actinopteri","Chordata","Eukaryota"
"ASV487","Gymnocanthus tricuspis","species","Gymnocanthus tricuspis","Gymnocanthus","Cottidae","Perciformes","Actinopteri","Chordata","Eukaryota"
"ASV488","Oncorhynchus keta","species","Oncorhynchus keta","Oncorhynchus","Salmonidae","Salmoniformes","Actinopteri","Chordata","Eukaryota"
"ASV490","Lycodes polaris","species","Lycodes polaris","Lycodes","Zoarcidae","Perciformes","Actinopteri","Chordata","Eukaryota"
"ASV492","Boreogadus saida","species","Boreogadus saida","Boreogadus","Gadidae","Gadiformes","Actinopteri","Chordata","Eukaryota"
"ASV494","Boreogadus saida","species","Boreogadus saida","Boreogadus","Gadidae","Gadiformes","Actinopteri","Chordata","Eukaryota"
"ASV496","Clupea pallasii","species","Clupea pallasii","Clupea","Clupeidae","Clupeiformes","Actinopteri","Chordata","Eukaryota"
"ASV499","Gadus chalcogrammus","species","Gadus chalcogrammus","Gadus","Gadidae","Gadiformes","Actinopteri","Chordata","Eukaryota"
"ASV5","Acipenser baerii","species","Acipenser baerii","Acipenser","Acipenseridae","Acipenseriformes","Actinopteri","Chordata","Eukaryota"
"ASV50","Leptoclinus maculatus","species","Leptoclinus maculatus","Leptoclinus","Stichaeidae","Perciformes","Actinopteri","Chordata","Eukaryota"
"ASV500","Pholis laeta","species","Pholis laeta","Pholis","Pholidae","Perciformes","Actinopteri","Chordata","Eukaryota"
"ASV503","Ammodytes personatus","species","Ammodytes personatus","Ammodytes","Ammodytidae","Uranoscopiformes","Actinopteri","Chordata","Eukaryota"
"ASV505","Mallotus villosus","species","Mallotus villosus","Mallotus","Salangidae","Osmeriformes","Actinopteri","Chordata","Eukaryota"
"ASV506","Ammodytes personatus","species","Ammodytes personatus","Ammodytes","Ammodytidae","Uranoscopiformes","Actinopteri","Chordata","Eukaryota"
"ASV509","Lycodes palearis","species","Lycodes palearis","Lycodes","Zoarcidae","Perciformes","Actinopteri","Chordata","Eukaryota"
"ASV51","Clupea pallasii","species","Clupea pallasii","Clupea","Clupeidae","Clupeiformes","Actinopteri","Chordata","Eukaryota"
"ASV510","Gadus macrocephalus","species","Gadus macrocephalus","Gadus","Gadidae","Gadiformes","Actinopteri","Chordata","Eukaryota"
"ASV511","Lycodes polaris","species","Lycodes polaris","Lycodes","Zoarcidae","Perciformes","Actinopteri","Chordata","Eukaryota"
"ASV513","Anisarchus medius","species","Anisarchus medius","Anisarchus","Stichaeidae","Perciformes","Actinopteri","Chordata","Eukaryota"
"ASV517","Gymnocanthus tricuspis","species","Gymnocanthus tricuspis","Gymnocanthus","Cottidae","Perciformes","Actinopteri","Chordata","Eukaryota"
"ASV518","Oncorhynchus keta","species","Oncorhynchus keta","Oncorhynchus","Salmonidae","Salmoniformes","Actinopteri","Chordata","Eukaryota"
"ASV519","Gadus chalcogrammus","species","Gadus chalcogrammus","Gadus","Gadidae","Gadiformes","Actinopteri","Chordata","Eukaryota"
"ASV520","Mallotus villosus","species","Mallotus villosus","Mallotus","Salangidae","Osmeriformes","Actinopteri","Chordata","Eukaryota"
"ASV522","Gadus chalcogrammus","species","Gadus chalcogrammus","Gadus","Gadidae","Gadiformes","Actinopteri","Chordata","Eukaryota"
"ASV524","Mallotus villosus","species","Mallotus villosus","Mallotus","Salangidae","Osmeriformes","Actinopteri","Chordata","Eukaryota"
"ASV525","Mallotus villosus","species","Mallotus villosus","Mallotus","Salangidae","Osmeriformes","Actinopteri","Chordata","Eukaryota"
"ASV526","Boreogadus saida","species","Boreogadus saida","Boreogadus","Gadidae","Gadiformes","Actinopteri","Chordata","Eukaryota"
"ASV528","Lycodes palearis","species","Lycodes palearis","Lycodes","Zoarcidae","Perciformes","Actinopteri","Chordata","Eukaryota"
"ASV530","Gadus chalcogrammus","species","Gadus chalcogrammus","Gadus","Gadidae","Gadiformes","Actinopteri","Chordata","Eukaryota"
"ASV531","Ammodytes hexapterus","species","Ammodytes hexapterus","Ammodytes","Ammodytidae","Uranoscopiformes","Actinopteri","Chordata","Eukaryota"
"ASV533","Blepsias cirrhosus","species","Blepsias cirrhosus","Blepsias","Agonidae","Perciformes","Actinopteri","Chordata","Eukaryota"
"ASV534","Boreogadus saida","species","Boreogadus saida","Boreogadus","Gadidae","Gadiformes","Actinopteri","Chordata","Eukaryota"
"ASV535","Eleginus gracilis","species","Eleginus gracilis","Eleginus","Gadidae","Gadiformes","Actinopteri","Chordata","Eukaryota"
"ASV537","Clupea pallasii","species","Clupea pallasii","Clupea","Clupeidae","Clupeiformes","Actinopteri","Chordata","Eukaryota"
"ASV542","Ammodytes personatus","species","Ammodytes personatus","Ammodytes","Ammodytidae","Uranoscopiformes","Actinopteri","Chordata","Eukaryota"
"ASV545","Oncorhynchus keta","species","Oncorhynchus keta","Oncorhynchus","Salmonidae","Salmoniformes","Actinopteri","Chordata","Eukaryota"
"ASV548","Gadus chalcogrammus","species","Gadus chalcogrammus","Gadus","Gadidae","Gadiformes","Actinopteri","Chordata","Eukaryota"
"ASV55","Leptocottus armatus","species","Leptocottus armatus","Leptocottus","Cottidae","Perciformes","Actinopteri","Chordata","Eukaryota"
"ASV551","Clupea pallasii","species","Clupea pallasii","Clupea","Clupeidae","Clupeiformes","Actinopteri","Chordata","Eukaryota"
"ASV552","Gadus chalcogrammus","species","Gadus chalcogrammus","Gadus","Gadidae","Gadiformes","Actinopteri","Chordata","Eukaryota"
"ASV554","Lycodes polaris","species","Lycodes polaris","Lycodes","Zoarcidae","Perciformes","Actinopteri","Chordata","Eukaryota"
"ASV559","Anisarchus medius","species","Anisarchus medius","Anisarchus","Stichaeidae","Perciformes","Actinopteri","Chordata","Eukaryota"
"ASV560","Gadus chalcogrammus","species","Gadus chalcogrammus","Gadus","Gadidae","Gadiformes","Actinopteri","Chordata","Eukaryota"
"ASV561","Mallotus villosus","species","Mallotus villosus","Mallotus","Salangidae","Osmeriformes","Actinopteri","Chordata","Eukaryota"
"ASV562","Boreogadus saida","species","Boreogadus saida","Boreogadus","Gadidae","Gadiformes","Actinopteri","Chordata","Eukaryota"
"ASV563","Oncorhynchus kisutch","species","Oncorhynchus kisutch","Oncorhynchus","Salmonidae","Salmoniformes","Actinopteri","Chordata","Eukaryota"
"ASV565","Boreogadus saida","species","Boreogadus saida","Boreogadus","Gadidae","Gadiformes","Actinopteri","Chordata","Eukaryota"
"ASV568","Anisarchus medius","species","Anisarchus medius","Anisarchus","Stichaeidae","Perciformes","Actinopteri","Chordata","Eukaryota"
"ASV569","Stichaeus punctatus","species","Stichaeus punctatus","Stichaeus","Stichaeidae","Perciformes","Actinopteri","Chordata","Eukaryota"
"ASV571","Clupea pallasii","species","Clupea pallasii","Clupea","Clupeidae","Clupeiformes","Actinopteri","Chordata","Eukaryota"
"ASV579","Oncorhynchus kisutch","species","Oncorhynchus kisutch","Oncorhynchus","Salmonidae","Salmoniformes","Actinopteri","Chordata","Eukaryota"
"ASV58","Clupea pallasii","species","Clupea pallasii","Clupea","Clupeidae","Clupeiformes","Actinopteri","Chordata","Eukaryota"
"ASV580","Gadus chalcogrammus","species","Gadus chalcogrammus","Gadus","Gadidae","Gadiformes","Actinopteri","Chordata","Eukaryota"
"ASV581","Clupea pallasii","species","Clupea pallasii","Clupea","Clupeidae","Clupeiformes","Actinopteri","Chordata","Eukaryota"
"ASV584","Anisarchus medius","species","Anisarchus medius","Anisarchus","Stichaeidae","Perciformes","Actinopteri","Chordata","Eukaryota"
"ASV585","Oncorhynchus keta","species","Oncorhynchus keta","Oncorhynchus","Salmonidae","Salmoniformes","Actinopteri","Chordata","Eukaryota"
"ASV586","Oncorhynchus kisutch","species","Oncorhynchus kisutch","Oncorhynchus","Salmonidae","Salmoniformes","Actinopteri","Chordata","Eukaryota"
"ASV588","Leptocottus armatus","species","Leptocottus armatus","Leptocottus","Cottidae","Perciformes","Actinopteri","Chordata","Eukaryota"
"ASV59","Clupea pallasii","species","Clupea pallasii","Clupea","Clupeidae","Clupeiformes","Actinopteri","Chordata","Eukaryota"
"ASV592","Hypomesus pretiosus","species","Hypomesus pretiosus","Hypomesus","Osmeridae","Osmeriformes","Actinopteri","Chordata","Eukaryota"
"ASV593","Ammodytes hexapterus","species","Ammodytes hexapterus","Ammodytes","Ammodytidae","Uranoscopiformes","Actinopteri","Chordata","Eukaryota"
"ASV595","Gadus chalcogrammus","species","Gadus chalcogrammus","Gadus","Gadidae","Gadiformes","Actinopteri","Chordata","Eukaryota"
"ASV6","Gadus chalcogrammus","species","Gadus chalcogrammus","Gadus","Gadidae","Gadiformes","Actinopteri","Chordata","Eukaryota"
"ASV60","Leptocottus armatus","species","Leptocottus armatus","Leptocottus","Cottidae","Perciformes","Actinopteri","Chordata","Eukaryota"
"ASV605","Ammodytes personatus","species","Ammodytes personatus","Ammodytes","Ammodytidae","Uranoscopiformes","Actinopteri","Chordata","Eukaryota"
"ASV606","Gadus chalcogrammus","species","Gadus chalcogrammus","Gadus","Gadidae","Gadiformes","Actinopteri","Chordata","Eukaryota"
"ASV609","Ammodytes personatus","species","Ammodytes personatus","Ammodytes","Ammodytidae","Uranoscopiformes","Actinopteri","Chordata","Eukaryota"
"ASV611","Clupea pallasii","species","Clupea pallasii","Clupea","Clupeidae","Clupeiformes","Actinopteri","Chordata","Eukaryota"
"ASV617","Clupea pallasii","species","Clupea pallasii","Clupea","Clupeidae","Clupeiformes","Actinopteri","Chordata","Eukaryota"
"ASV618","Pholis laeta","species","Pholis laeta","Pholis","Pholidae","Perciformes","Actinopteri","Chordata","Eukaryota"
"ASV62","Eleginus gracilis","species","Eleginus gracilis","Eleginus","Gadidae","Gadiformes","Actinopteri","Chordata","Eukaryota"
"ASV625","Ammodytes personatus","species","Ammodytes personatus","Ammodytes","Ammodytidae","Uranoscopiformes","Actinopteri","Chordata","Eukaryota"
"ASV626","Liparis greeni","species","Liparis greeni","Polypera","Liparidae","Perciformes","Actinopteri","Chordata","Eukaryota"
"ASV628","Mallotus villosus","species","Mallotus villosus","Mallotus","Salangidae","Osmeriformes","Actinopteri","Chordata","Eukaryota"
"ASV63","Lumpenus sagitta","species","Lumpenus sagitta","Lumpenus","Stichaeidae","Perciformes","Actinopteri","Chordata","Eukaryota"
"ASV636","Leptocottus armatus","species","Leptocottus armatus","Leptocottus","Cottidae","Perciformes","Actinopteri","Chordata","Eukaryota"
"ASV66","Clupea pallasii","species","Clupea pallasii","Clupea","Clupeidae","Clupeiformes","Actinopteri","Chordata","Eukaryota"
"ASV67","Lycodes palearis","species","Lycodes palearis","Lycodes","Zoarcidae","Perciformes","Actinopteri","Chordata","Eukaryota"
"ASV672","Anisarchus medius","species","Anisarchus medius","Anisarchus","Stichaeidae","Perciformes","Actinopteri","Chordata","Eukaryota"
"ASV682","Pleuronectes quadrituberculatus","species","Pleuronectes quadrituberculatus","Pleuronectes","Pleuronectidae","Pleuronectiformes","Actinopteri","Chordata","Eukaryota"
"ASV686","Gadus chalcogrammus","species","Gadus chalcogrammus","Gadus","Gadidae","Gadiformes","Actinopteri","Chordata","Eukaryota"
"ASV687","Gasterosteus aculeatus","species","Gasterosteus aculeatus","Gasterosteus","Gasterosteidae","Perciformes","Actinopteri","Chordata","Eukaryota"
"ASV699","Pleuronectes quadrituberculatus","species","Pleuronectes quadrituberculatus","Pleuronectes","Pleuronectidae","Pleuronectiformes","Actinopteri","Chordata","Eukaryota"
"ASV7","Boreogadus saida","species","Boreogadus saida","Boreogadus","Gadidae","Gadiformes","Actinopteri","Chordata","Eukaryota"
"ASV71","Leptocottus armatus","species","Leptocottus armatus","Leptocottus","Cottidae","Perciformes","Actinopteri","Chordata","Eukaryota"
"ASV712","Clupea pallasii","species","Clupea pallasii","Clupea","Clupeidae","Clupeiformes","Actinopteri","Chordata","Eukaryota"
"ASV73","Ammodytes personatus","species","Ammodytes personatus","Ammodytes","Ammodytidae","Uranoscopiformes","Actinopteri","Chordata","Eukaryota"
"ASV731","Ammodytes hexapterus","species","Ammodytes hexapterus","Ammodytes","Ammodytidae","Uranoscopiformes","Actinopteri","Chordata","Eukaryota"
"ASV732","Gadus chalcogrammus","species","Gadus chalcogrammus","Gadus","Gadidae","Gadiformes","Actinopteri","Chordata","Eukaryota"
"ASV738","Clupea pallasii","species","Clupea pallasii","Clupea","Clupeidae","Clupeiformes","Actinopteri","Chordata","Eukaryota"
"ASV75","Pholis laeta","species","Pholis laeta","Pholis","Pholidae","Perciformes","Actinopteri","Chordata","Eukaryota"
"ASV758","Gadus chalcogrammus","species","Gadus chalcogrammus","Gadus","Gadidae","Gadiformes","Actinopteri","Chordata","Eukaryota"
"ASV76","Ammodytes personatus","species","Ammodytes personatus","Ammodytes","Ammodytidae","Uranoscopiformes","Actinopteri","Chordata","Eukaryota"
"ASV763","Ammodytes hexapterus","species","Ammodytes hexapterus","Ammodytes","Ammodytidae","Uranoscopiformes","Actinopteri","Chordata","Eukaryota"
"ASV768","Ammodytes hexapterus","species","Ammodytes hexapterus","Ammodytes","Ammodytidae","Uranoscopiformes","Actinopteri","Chordata","Eukaryota"
"ASV785","Oncorhynchus keta","species","Oncorhynchus keta","Oncorhynchus","Salmonidae","Salmoniformes","Actinopteri","Chordata","Eukaryota"
"ASV788","Clupea pallasii","species","Clupea pallasii","Clupea","Clupeidae","Clupeiformes","Actinopteri","Chordata","Eukaryota"
"ASV80","Gadus chalcogrammus","species","Gadus chalcogrammus","Gadus","Gadidae","Gadiformes","Actinopteri","Chordata","Eukaryota"
"ASV807","Clupea pallasii","species","Clupea pallasii","Clupea","Clupeidae","Clupeiformes","Actinopteri","Chordata","Eukaryota"
"ASV81","Clupea pallasii","species","Clupea pallasii","Clupea","Clupeidae","Clupeiformes","Actinopteri","Chordata","Eukaryota"
"ASV812","Ammodytes hexapterus","species","Ammodytes hexapterus","Ammodytes","Ammodytidae","Uranoscopiformes","Actinopteri","Chordata","Eukaryota"
"ASV815","Gadus chalcogrammus","species","Gadus chalcogrammus","Gadus","Gadidae","Gadiformes","Actinopteri","Chordata","Eukaryota"
"ASV82","Triglops pingelii","species","Triglops pingelii","Triglops","Cottidae","Perciformes","Actinopteri","Chordata","Eukaryota"
"ASV83","Lycodes raridens","species","Lycodes raridens","Lycodes","Zoarcidae","Perciformes","Actinopteri","Chordata","Eukaryota"
"ASV836","Oncorhynchus keta","species","Oncorhynchus keta","Oncorhynchus","Salmonidae","Salmoniformes","Actinopteri","Chordata","Eukaryota"
"ASV84","Clupea pallasii","species","Clupea pallasii","Clupea","Clupeidae","Clupeiformes","Actinopteri","Chordata","Eukaryota"
"ASV847","Ammodytes hexapterus","species","Ammodytes hexapterus","Ammodytes","Ammodytidae","Uranoscopiformes","Actinopteri","Chordata","Eukaryota"
"ASV85","Pleuronectes quadrituberculatus","species","Pleuronectes quadrituberculatus","Pleuronectes","Pleuronectidae","Pleuronectiformes","Actinopteri","Chordata","Eukaryota"
"ASV857","Clupea pallasii","species","Clupea pallasii","Clupea","Clupeidae","Clupeiformes","Actinopteri","Chordata","Eukaryota"
"ASV864","Boreogadus saida","species","Boreogadus saida","Boreogadus","Gadidae","Gadiformes","Actinopteri","Chordata","Eukaryota"
"ASV865","Ammodytes personatus","species","Ammodytes personatus","Ammodytes","Ammodytidae","Uranoscopiformes","Actinopteri","Chordata","Eukaryota"
"ASV87","Oncorhynchus kisutch","species","Oncorhynchus kisutch","Oncorhynchus","Salmonidae","Salmoniformes","Actinopteri","Chordata","Eukaryota"
"ASV870","Anisarchus medius","species","Anisarchus medius","Anisarchus","Stichaeidae","Perciformes","Actinopteri","Chordata","Eukaryota"
"ASV877","Ammodytes hexapterus","species","Ammodytes hexapterus","Ammodytes","Ammodytidae","Uranoscopiformes","Actinopteri","Chordata","Eukaryota"
"ASV91","Clupea pallasii","species","Clupea pallasii","Clupea","Clupeidae","Clupeiformes","Actinopteri","Chordata","Eukaryota"
"ASV92","Gadus macrocephalus","species","Gadus macrocephalus","Gadus","Gadidae","Gadiformes","Actinopteri","Chordata","Eukaryota"
"ASV94","Ammodytes personatus","species","Ammodytes personatus","Ammodytes","Ammodytidae","Uranoscopiformes","Actinopteri","Chordata","Eukaryota"
"ASV95","Gadus chalcogrammus","species","Gadus chalcogrammus","Gadus","Gadidae","Gadiformes","Actinopteri","Chordata","Eukaryota"
"ASV96","Mallotus villosus","species","Mallotus villosus","Mallotus","Salangidae","Osmeriformes","Actinopteri","Chordata","Eukaryota"
"ASV70","Liparis greeni","species","Liparis greeni","Polypera","Liparidae","Perciformes","Actinopteri","Chordata","Eukaryota"
"ASV74","Enophrys bison","species","Enophrys bison","Enophrys","Cottidae","Perciformes","Actinopteri","Chordata","Eukaryota"
"ASV104","Oligocottus maculosus","species","Oligocottus maculosus","Oligocottus","Cottidae","Perciformes","Actinopteri","Chordata","Eukaryota"
"ASV111","Liparis greeni","species","Liparis greeni","Polypera","Liparidae","Perciformes","Actinopteri","Chordata","Eukaryota"
"ASV128","Liparis greeni","species","Liparis greeni","Polypera","Liparidae","Perciformes","Actinopteri","Chordata","Eukaryota"
"ASV133","Liparis greeni","species","Liparis greeni","Polypera","Liparidae","Perciformes","Actinopteri","Chordata","Eukaryota"
"ASV219","Liparis greeni","species","Liparis greeni","Polypera","Liparidae","Perciformes","Actinopteri","Chordata","Eukaryota"
"ASV220","Clinocottus acuticeps","species","Clinocottus acuticeps","Clinocottus","Cottidae","Perciformes","Actinopteri","Chordata","Eukaryota"
"ASV325","Liparis greeni","species","Liparis greeni","Polypera","Liparidae","Perciformes","Actinopteri","Chordata","Eukaryota"
"ASV337","Oligocottus maculosus","species","Oligocottus maculosus","Oligocottus","Cottidae","Perciformes","Actinopteri","Chordata","Eukaryota"
"ASV372","Liparis greeni","species","Liparis greeni","Polypera","Liparidae","Perciformes","Actinopteri","Chordata","Eukaryota"
"ASV489","Clinocottus acuticeps","species","Clinocottus acuticeps","Clinocottus","Cottidae","Perciformes","Actinopteri","Chordata","Eukaryota"
"ASV616","Trichodon trichodon","species","Trichodon trichodon","Trichodon","Trichodontidae","Perciformes","Actinopteri","Chordata","Eukaryota"
"ASV668","Liparis greeni","species","Liparis greeni","Polypera","Liparidae","Perciformes","Actinopteri","Chordata","Eukaryota"
"ASV878","Oligocottus maculosus","species","Oligocottus maculosus","Oligocottus","Cottidae","Perciformes","Actinopteri","Chordata","Eukaryota"
